model,model_name,protocol,calibrated_on,category,n_seeds,p,epoch,upright_mean,upright_sem,inverted_mean,inverted_sem,cost_mean,cost_sem,source,checkpoint_sha256
noaa,VGG2k / no AA,Kanwisher matching,RFW WM64,RFW WM64,20,0.4,124,87.0005,0.35800578869180594,82.9,0.3588116350868295,4.1004999999999985,0.36144481634567355,runs/kanw_latest_vgg_20260927/rfw/results_r21vgg2k_vgg16_bn_s42.csv,7c3109d65be1756ebcab062462122f0a5dbff5701843e21dffda9b70fac69550
noaa,VGG2k / no AA,Kanwisher matching,CFD WMk,CFD WMk,20,0.42,124,89.425,0.23599230585138276,84.84649999999999,0.14435386892523625,4.578500000000002,0.24476118865883187,runs/kanw_latest_vgg_20260927/cfd/results_r21vgg2k_vgg16_bn_s42.csv,7c3109d65be1756ebcab062462122f0a5dbff5701843e21dffda9b70fac69550
noaa,VGG2k / no AA,Kanwisher matching,Set A,Set A,20,0.38,124,88.039,0.14088797341374304,85.7155,0.17344872592877653,2.3235000000000006,0.2403104078171883,runs/kanw_latest_vgg_20260927/setA/results_r21vgg2k_vgg16_bn_s42.csv,7c3109d65be1756ebcab062462122f0a5dbff5701843e21dffda9b70fac69550
aa4,VGG2k / AA4,Kanwisher matching,RFW WM64,RFW WM64,20,0.4,124,87.184,0.27312846408739044,82.726,0.3562401614523253,4.458,0.3414208700801926,runs/kanw_latest_vgg_20260927/rfw/results_r21vgg2k_vgg16_bn_aa_s42.csv,aee3ceb1f4ae411fa6e1eff58fc195faf5ff448c4bb318231942e75a909e31a2
aa4,VGG2k / AA4,Kanwisher matching,CFD WMk,CFD WMk,20,0.42,124,89.5115,0.23572427581928487,84.425,0.26260386416365683,5.086499999999997,0.3779823687060439,runs/kanw_latest_vgg_20260927/cfd/results_r21vgg2k_vgg16_bn_aa_s42.csv,aee3ceb1f4ae411fa6e1eff58fc195faf5ff448c4bb318231942e75a909e31a2
aa4,VGG2k / AA4,Kanwisher matching,Set A,Set A,20,0.39,124,87.1155,0.1636451150636967,83.124,0.20174684501544057,3.9915,0.23503781890536135,runs/kanw_latest_vgg_20260927/setA/results_r21vgg2k_vgg16_bn_aa_s42.csv,aee3ceb1f4ae411fa6e1eff58fc195faf5ff448c4bb318231942e75a909e31a2
bin5,VGG2k / bin5,Kanwisher matching,RFW WM64,RFW WM64,20,0.39,124,89.141,0.2902611346973438,84.822,0.3455998598927589,4.319,0.3244038256637293,runs/kanw_latest_vgg_20260927/rfw/results_r21vgg2k_vgg16_bn_aa5_s42.csv,f27b684f123cba5a57e84d286bd3795319dbc6e77be76a6f91758e222bf61536
bin5,VGG2k / bin5,Kanwisher matching,CFD WMk,CFD WMk,20,0.42,124,89.8775,0.201167480630339,83.6845,0.19436736107852987,6.193,0.2734257332054672,runs/kanw_latest_vgg_20260927/cfd/results_r21vgg2k_vgg16_bn_aa5_s42.csv,f27b684f123cba5a57e84d286bd3795319dbc6e77be76a6f91758e222bf61536
bin5,VGG2k / bin5,Kanwisher matching,Set A,Set A,20,0.36,124,90.38550000000001,0.1623194948891004,86.99849999999999,0.2027109362718515,3.387000000000002,0.22963941986926995,runs/kanw_latest_vgg_20260927/setA/results_r21vgg2k_vgg16_bn_aa5_s42.csv,f27b684f123cba5a57e84d286bd3795319dbc6e77be76a6f91758e222bf61536
