model,model_name,protocol,calibrated_on,face_prediction_mae,face_all_cell_mae,objects_mae,houses_mae,balanced_prediction_mae,all_cell_mae,face_human_order
bin5,VGG2k / bin5,two_cross,CFD WM64,4.9366666666666745,2.6550000000000047,6.489166666666666,17.937499999999996,9.787777777777778,9.027222222222223,False
mixed,Mixed faces / AA4,two_cross,CFD WM64,3.8533333333333317,2.195833333333333,12.718333333333337,13.249999999999993,9.940555555555553,9.388055555555555,False
bin5,VGG2k / bin5,two_cross,RFW WM64,3.978333333333339,2.321666666666669,5.364166666666666,20.58333333333333,9.975277777777778,9.423055555555555,False
mixed,Mixed faces / AA4,two_shared_ui,CFD WM64,4.395000000000003,2.4666666666666686,12.780833333333337,13.083333333333325,10.086388888888889,9.44361111111111,False
noaa,VGG2k / no AA,two_cross,RFW WM64,5.020000000000003,2.821666666666669,5.135000000000002,20.604166666666664,10.253055555555557,9.520277777777778,False
mixed,Mixed faces / AA4,single_uu,CFD WM64,6.0616666666666745,5.07083333333334,13.218333333333337,11.520833333333325,10.266944444444446,9.936666666666667,False
bin5,VGG2k / bin5,two_shared_ui,CFD WM64,6.395000000000003,3.384166666666669,6.718333333333334,17.97916666666666,10.364166666666666,9.360555555555555,False
bin5,VGG2k / bin5,two_shared_ui,RFW WM64,5.728333333333339,3.196666666666669,5.447500000000002,19.91666666666666,10.364166666666668,9.520277777777777,False
noaa,VGG2k / no AA,two_cross,CFD WM64,6.103333333333332,3.260833333333334,7.030833333333334,18.437499999999996,10.523888888888887,9.576388888888888,False
bin5,VGG2k / bin5,single_uu,CFD WM64,8.061666666666667,6.321666666666669,8.218333333333337,15.999999999999996,10.76,10.180000000000001,False
noaa,VGG2k / no AA,two_shared_ui,CFD WM64,7.228333333333332,3.823333333333334,7.385000000000002,18.187499999999996,10.93361111111111,9.79861111111111,False
noaa,VGG2k / no AA,two_shared_ui,RFW WM64,6.936666666666667,3.780000000000001,5.780833333333337,20.124999999999993,10.9475,9.895277777777777,False
noaa,VGG2k / no AA,single_uu,CFD WM64,9.061666666666667,6.508333333333336,8.73916666666667,15.416666666666664,11.0725,10.22138888888889,False
bin5,VGG2k / bin5,single_uu,RFW WM64,8.228333333333339,6.592500000000001,7.218333333333334,17.874999999999996,11.107222222222223,10.561944444444444,False
noaa,VGG2k / no AA,single_uu,RFW WM64,9.186666666666667,6.905000000000001,7.176666666666669,17.60416666666666,11.3225,10.561944444444444,True
aa4,VGG2k / AA4,two_cross,RFW WM64,2.8116666666666674,1.7824999999999989,4.010000000000002,27.52083333333333,11.4475,11.104444444444443,False
mixed,Mixed faces / AA4,two_cross,RFW WM64,3.228333333333339,2.216666666666672,8.92666666666667,22.95833333333333,11.704444444444446,11.367222222222223,True
mixed,Mixed faces / AA4,two_shared_ui,RFW WM64,4.103333333333339,2.654166666666672,9.17666666666667,22.416666666666664,11.89888888888889,11.415833333333335,True
aa4,VGG2k / AA4,two_cross,CFD WM64,5.936666666666667,3.446666666666669,7.655833333333334,22.60416666666666,12.065555555555553,11.235555555555555,False
aa4,VGG2k / AA4,two_shared_ui,RFW WM64,5.686666666666667,3.219999999999999,4.322500000000002,26.749999999999996,12.253055555555555,11.430833333333332,False
mixed,Mixed faces / AA4,single_uu,RFW WM64,6.145000000000003,5.320833333333336,10.30166666666667,20.70833333333333,12.385,12.110277777777778,False
aa4,VGG2k / AA4,two_shared_ui,CFD WM64,7.311666666666667,4.134166666666669,7.926666666666666,21.97916666666666,12.405833333333332,11.346666666666666,False
aa4,VGG2k / AA4,single_uu,CFD WM64,10.436666666666667,8.092500000000001,9.572499999999998,18.395833333333332,12.801666666666666,12.020277777777777,False
aa4,VGG2k / AA4,single_uu,RFW WM64,9.561666666666667,7.300833333333337,7.093333333333337,23.10416666666666,13.253055555555555,12.499444444444444,False
