training_seed,protocol,calibration,category,condition,mean_pct,sd_pct,seed42_mean_pct,delta_from_seed42_pp,n_simulation_seeds,checkpoint_sha256,source
43,single_uu,RFW WM64,Faces,UU,95.91666666666667,3.52046978157649,96.75,-0.8333333333333286,50,5703b729ea129475a67015eef9308f155131e0a80939a6bbd4083a289b890082,runs/yin_aa5_seeds43_44_20261004/single_noise/r21vgg2k_vgg16_bn_aa5_s43/faces_rfwWM64/faces_rfwWM64
43,single_uu,RFW WM64,Faces,II,90.91666666666667,6.448931603053463,91.33333333333333,-0.4166666666666572,50,5703b729ea129475a67015eef9308f155131e0a80939a6bbd4083a289b890082,runs/yin_aa5_seeds43_44_20261004/single_noise/r21vgg2k_vgg16_bn_aa5_s43/faces_rfwWM64/faces_rfwWM64
43,single_uu,RFW WM64,Faces,UI,90.0,5.771047449305155,91.0,-1.0,50,5703b729ea129475a67015eef9308f155131e0a80939a6bbd4083a289b890082,runs/yin_aa5_seeds43_44_20261004/single_noise/r21vgg2k_vgg16_bn_aa5_s43/faces_rfwWM64/faces_rfwWM64
43,single_uu,RFW WM64,Faces,IU,90.83333333333333,5.646924393157822,88.16666666666667,2.666666666666657,50,5703b729ea129475a67015eef9308f155131e0a80939a6bbd4083a289b890082,runs/yin_aa5_seeds43_44_20261004/single_noise/r21vgg2k_vgg16_bn_aa5_s43/faces_rfwWM64/faces_rfwWM64
43,two_cross,RFW WM64,Faces,UU,95.91666666666667,3.52046978157649,96.75,-0.8333333333333286,50,5703b729ea129475a67015eef9308f155131e0a80939a6bbd4083a289b890082,runs/yin_aa5_seeds43_44_20261004/transfer/results/r21vgg2k_vgg16_bn_aa5_s43/faces_rfwWM64/faces_rfwWM64
43,two_cross,RFW WM64,Faces,II,84.33333333333333,7.648751621051908,82.75,1.5833333333333286,50,5703b729ea129475a67015eef9308f155131e0a80939a6bbd4083a289b890082,runs/yin_aa5_seeds43_44_20261004/transfer/results/r21vgg2k_vgg16_bn_aa5_s43/faces_rfwWM64/faces_rfwWM64
43,two_cross,RFW WM64,Faces,UI,87.16666666666667,6.725927091345491,87.5,-0.3333333333333286,50,5703b729ea129475a67015eef9308f155131e0a80939a6bbd4083a289b890082,runs/yin_aa5_seeds43_44_20261004/transfer/results/r21vgg2k_vgg16_bn_aa5_s43/faces_rfwWM64/faces_rfwWM64
43,two_cross,RFW WM64,Faces,IU,86.91666666666667,6.8908932970144745,83.16666666666667,3.75,50,5703b729ea129475a67015eef9308f155131e0a80939a6bbd4083a289b890082,runs/yin_aa5_seeds43_44_20261004/transfer/results/r21vgg2k_vgg16_bn_aa5_s43/faces_rfwWM64/faces_rfwWM64
43,two_shared_ui,RFW WM64,Faces,UU,95.91666666666667,3.52046978157649,96.75,-0.8333333333333286,50,5703b729ea129475a67015eef9308f155131e0a80939a6bbd4083a289b890082,runs/yin_aa5_seeds43_44_20261004/transfer/results/r21vgg2k_vgg16_bn_aa5_s43/faces_rfwWM64/faces_rfwWM64
43,two_shared_ui,RFW WM64,Faces,II,84.33333333333333,7.648751621051908,82.75,1.5833333333333286,50,5703b729ea129475a67015eef9308f155131e0a80939a6bbd4083a289b890082,runs/yin_aa5_seeds43_44_20261004/transfer/results/r21vgg2k_vgg16_bn_aa5_s43/faces_rfwWM64/faces_rfwWM64
43,two_shared_ui,RFW WM64,Faces,UI,90.0,5.771047449305155,91.0,-1.0,50,5703b729ea129475a67015eef9308f155131e0a80939a6bbd4083a289b890082,runs/yin_aa5_seeds43_44_20261004/transfer/results/r21vgg2k_vgg16_bn_aa5_s43/faces_rfwWM64/faces_rfwWM64
43,two_shared_ui,RFW WM64,Faces,IU,86.91666666666667,6.8908932970144745,83.16666666666667,3.75,50,5703b729ea129475a67015eef9308f155131e0a80939a6bbd4083a289b890082,runs/yin_aa5_seeds43_44_20261004/transfer/results/r21vgg2k_vgg16_bn_aa5_s43/faces_rfwWM64/faces_rfwWM64
43,single_uu,RFW WM64,Objects,UU,93.58333333333333,4.391066224168571,95.33333333333333,-1.75,50,5703b729ea129475a67015eef9308f155131e0a80939a6bbd4083a289b890082,runs/yin_aa5_seeds43_44_20261004/single_noise/r21vgg2k_vgg16_bn_aa5_s43/faces_rfwWM64/objects
43,single_uu,RFW WM64,Objects,II,93.58333333333333,4.995037219620776,91.83333333333333,1.75,50,5703b729ea129475a67015eef9308f155131e0a80939a6bbd4083a289b890082,runs/yin_aa5_seeds43_44_20261004/single_noise/r21vgg2k_vgg16_bn_aa5_s43/faces_rfwWM64/objects
43,single_uu,RFW WM64,Objects,UI,89.83333333333333,4.91999483804091,88.41666666666667,1.4166666666666572,50,5703b729ea129475a67015eef9308f155131e0a80939a6bbd4083a289b890082,runs/yin_aa5_seeds43_44_20261004/single_noise/r21vgg2k_vgg16_bn_aa5_s43/faces_rfwWM64/objects
43,single_uu,RFW WM64,Objects,IU,92.0,5.039526306789697,91.5,0.5,50,5703b729ea129475a67015eef9308f155131e0a80939a6bbd4083a289b890082,runs/yin_aa5_seeds43_44_20261004/single_noise/r21vgg2k_vgg16_bn_aa5_s43/faces_rfwWM64/objects
43,two_cross,RFW WM64,Objects,UU,93.58333333333333,4.391066224168571,95.33333333333333,-1.75,50,5703b729ea129475a67015eef9308f155131e0a80939a6bbd4083a289b890082,runs/yin_aa5_seeds43_44_20261004/transfer/results/r21vgg2k_vgg16_bn_aa5_s43/faces_rfwWM64/objects
43,two_cross,RFW WM64,Objects,II,88.83333333333333,6.809690307654805,86.58333333333333,2.25,50,5703b729ea129475a67015eef9308f155131e0a80939a6bbd4083a289b890082,runs/yin_aa5_seeds43_44_20261004/transfer/results/r21vgg2k_vgg16_bn_aa5_s43/faces_rfwWM64/objects
43,two_cross,RFW WM64,Objects,UI,89.25,4.5402271013154465,88.08333333333333,1.1666666666666714,50,5703b729ea129475a67015eef9308f155131e0a80939a6bbd4083a289b890082,runs/yin_aa5_seeds43_44_20261004/transfer/results/r21vgg2k_vgg16_bn_aa5_s43/faces_rfwWM64/objects
43,two_cross,RFW WM64,Objects,IU,90.25,5.02332992520051,89.66666666666667,0.5833333333333286,50,5703b729ea129475a67015eef9308f155131e0a80939a6bbd4083a289b890082,runs/yin_aa5_seeds43_44_20261004/transfer/results/r21vgg2k_vgg16_bn_aa5_s43/faces_rfwWM64/objects
43,two_shared_ui,RFW WM64,Objects,UU,93.58333333333333,4.391066224168571,95.33333333333333,-1.75,50,5703b729ea129475a67015eef9308f155131e0a80939a6bbd4083a289b890082,runs/yin_aa5_seeds43_44_20261004/transfer/results/r21vgg2k_vgg16_bn_aa5_s43/faces_rfwWM64/objects
43,two_shared_ui,RFW WM64,Objects,II,88.83333333333333,6.809690307654805,86.58333333333333,2.25,50,5703b729ea129475a67015eef9308f155131e0a80939a6bbd4083a289b890082,runs/yin_aa5_seeds43_44_20261004/transfer/results/r21vgg2k_vgg16_bn_aa5_s43/faces_rfwWM64/objects
43,two_shared_ui,RFW WM64,Objects,UI,89.83333333333333,4.91999483804091,88.41666666666667,1.4166666666666572,50,5703b729ea129475a67015eef9308f155131e0a80939a6bbd4083a289b890082,runs/yin_aa5_seeds43_44_20261004/transfer/results/r21vgg2k_vgg16_bn_aa5_s43/faces_rfwWM64/objects
43,two_shared_ui,RFW WM64,Objects,IU,90.25,5.02332992520051,89.66666666666667,0.5833333333333286,50,5703b729ea129475a67015eef9308f155131e0a80939a6bbd4083a289b890082,runs/yin_aa5_seeds43_44_20261004/transfer/results/r21vgg2k_vgg16_bn_aa5_s43/faces_rfwWM64/objects
43,single_uu,RFW WM64,Houses,UU,64.91666666666667,8.547005549013953,68.58333333333333,-3.666666666666657,50,5703b729ea129475a67015eef9308f155131e0a80939a6bbd4083a289b890082,runs/yin_aa5_seeds43_44_20261004/single_noise/r21vgg2k_vgg16_bn_aa5_s43/faces_rfwWM64/houses_yin64
43,single_uu,RFW WM64,Houses,II,67.66666666666667,7.071067811865475,72.0,-4.333333333333329,50,5703b729ea129475a67015eef9308f155131e0a80939a6bbd4083a289b890082,runs/yin_aa5_seeds43_44_20261004/single_noise/r21vgg2k_vgg16_bn_aa5_s43/faces_rfwWM64/houses_yin64
43,single_uu,RFW WM64,Houses,UI,64.33333333333333,9.529760045804524,69.91666666666667,-5.583333333333343,50,5703b729ea129475a67015eef9308f155131e0a80939a6bbd4083a289b890082,runs/yin_aa5_seeds43_44_20261004/single_noise/r21vgg2k_vgg16_bn_aa5_s43/faces_rfwWM64/houses_yin64
43,single_uu,RFW WM64,Houses,IU,63.75,8.343955814807254,68.25,-4.5,50,5703b729ea129475a67015eef9308f155131e0a80939a6bbd4083a289b890082,runs/yin_aa5_seeds43_44_20261004/single_noise/r21vgg2k_vgg16_bn_aa5_s43/faces_rfwWM64/houses_yin64
43,two_cross,RFW WM64,Houses,UU,64.91666666666667,8.547005549013953,68.58333333333333,-3.666666666666657,50,5703b729ea129475a67015eef9308f155131e0a80939a6bbd4083a289b890082,runs/yin_aa5_seeds43_44_20261004/transfer/results/r21vgg2k_vgg16_bn_aa5_s43/faces_rfwWM64/houses_yin64
43,two_cross,RFW WM64,Houses,II,62.416666666666664,10.82908079800429,65.66666666666667,-3.250000000000007,50,5703b729ea129475a67015eef9308f155131e0a80939a6bbd4083a289b890082,runs/yin_aa5_seeds43_44_20261004/transfer/results/r21vgg2k_vgg16_bn_aa5_s43/faces_rfwWM64/houses_yin64
43,two_cross,RFW WM64,Houses,UI,60.75,8.547005549013951,67.25,-6.5,50,5703b729ea129475a67015eef9308f155131e0a80939a6bbd4083a289b890082,runs/yin_aa5_seeds43_44_20261004/transfer/results/r21vgg2k_vgg16_bn_aa5_s43/faces_rfwWM64/houses_yin64
43,two_cross,RFW WM64,Houses,IU,61.916666666666664,8.248290553330078,66.41666666666667,-4.500000000000007,50,5703b729ea129475a67015eef9308f155131e0a80939a6bbd4083a289b890082,runs/yin_aa5_seeds43_44_20261004/transfer/results/r21vgg2k_vgg16_bn_aa5_s43/faces_rfwWM64/houses_yin64
43,two_shared_ui,RFW WM64,Houses,UU,64.91666666666667,8.547005549013953,68.58333333333333,-3.666666666666657,50,5703b729ea129475a67015eef9308f155131e0a80939a6bbd4083a289b890082,runs/yin_aa5_seeds43_44_20261004/transfer/results/r21vgg2k_vgg16_bn_aa5_s43/faces_rfwWM64/houses_yin64
43,two_shared_ui,RFW WM64,Houses,II,62.416666666666664,10.82908079800429,65.66666666666667,-3.250000000000007,50,5703b729ea129475a67015eef9308f155131e0a80939a6bbd4083a289b890082,runs/yin_aa5_seeds43_44_20261004/transfer/results/r21vgg2k_vgg16_bn_aa5_s43/faces_rfwWM64/houses_yin64
43,two_shared_ui,RFW WM64,Houses,UI,64.33333333333333,9.529760045804524,69.91666666666667,-5.583333333333343,50,5703b729ea129475a67015eef9308f155131e0a80939a6bbd4083a289b890082,runs/yin_aa5_seeds43_44_20261004/transfer/results/r21vgg2k_vgg16_bn_aa5_s43/faces_rfwWM64/houses_yin64
43,two_shared_ui,RFW WM64,Houses,IU,61.916666666666664,8.248290553330078,66.41666666666667,-4.500000000000007,50,5703b729ea129475a67015eef9308f155131e0a80939a6bbd4083a289b890082,runs/yin_aa5_seeds43_44_20261004/transfer/results/r21vgg2k_vgg16_bn_aa5_s43/faces_rfwWM64/houses_yin64
