model,model_name,model_tag,scope,epoch,protocol,calibrated_on,category,p1,p2,n_seeds,calibration_status,condition,mean_pct,sd_pct,human_pct,difference_pp,fitted,source_csv,source_cell
noaa,VGG2k / no AA,r21vgg2k_vgg16_bn_s42,face_transfer,124,single_uu,RFW WM64,Faces,0.37,,50,within_sampled_range,UU,96.66666666666667,4.208968935634212,96.29,0.37666666666666515,True,runs/yin_latest_vgg_20260927/single_noise/r21vgg2k_vgg16_bn_s42/faces_rfwWM64/faces_rfwWM64/results.csv,UU
noaa,VGG2k / no AA,r21vgg2k_vgg16_bn_s42,face_transfer,124,single_uu,RFW WM64,Faces,0.37,,50,within_sampled_range,II,90.75,5.343235917309585,81.88,8.870000000000005,False,runs/yin_latest_vgg_20260927/single_noise/r21vgg2k_vgg16_bn_s42/faces_rfwWM64/faces_rfwWM64/results.csv,II
noaa,VGG2k / no AA,r21vgg2k_vgg16_bn_s42,face_transfer,124,single_uu,RFW WM64,Faces,0.37,,50,within_sampled_range,UI,91.0,6.319623542850952,84.13,6.8700000000000045,False,runs/yin_latest_vgg_20260927/single_noise/r21vgg2k_vgg16_bn_s42/faces_rfwWM64/faces_rfwWM64/results.csv,UI
noaa,VGG2k / no AA,r21vgg2k_vgg16_bn_s42,face_transfer,124,single_uu,RFW WM64,Faces,0.37,,50,within_sampled_range,IU,90.08333333333333,5.3166458746101455,78.58,11.50333333333333,False,runs/yin_latest_vgg_20260927/single_noise/r21vgg2k_vgg16_bn_s42/faces_rfwWM64/faces_rfwWM64/results.csv,IU
noaa,VGG2k / no AA,r21vgg2k_vgg16_bn_s42,face_transfer,124,two_cross,RFW WM64,Faces,0.37,0.39,50,within_sampled_range,UU,96.66666666666667,4.208968935634212,96.29,0.37666666666666515,True,runs/yin_latest_vgg_20260927/transfer/results/r21vgg2k_vgg16_bn_s42/faces_rfwWM64/faces_rfwWM64/results.csv,UU
noaa,VGG2k / no AA,r21vgg2k_vgg16_bn_s42,face_transfer,124,two_cross,RFW WM64,Faces,0.37,0.39,50,within_sampled_range,II,82.75,8.626230235309183,81.88,0.8700000000000045,True,runs/yin_latest_vgg_20260927/transfer/results/r21vgg2k_vgg16_bn_s42/faces_rfwWM64/faces_rfwWM64/results.csv,II
noaa,VGG2k / no AA,r21vgg2k_vgg16_bn_s42,face_transfer,124,two_cross,RFW WM64,Faces,0.37,0.39,50,within_sampled_range,UI,87.16666666666667,8.110979093759916,84.13,3.036666666666676,False,runs/yin_latest_vgg_20260927/transfer/results/r21vgg2k_vgg16_bn_s42/faces_rfwWM64/faces_rfwWM64/results.csv,UI_cross
noaa,VGG2k / no AA,r21vgg2k_vgg16_bn_s42,face_transfer,124,two_cross,RFW WM64,Faces,0.37,0.39,50,within_sampled_range,IU,85.58333333333333,6.5319075564899585,78.58,7.00333333333333,False,runs/yin_latest_vgg_20260927/transfer/results/r21vgg2k_vgg16_bn_s42/faces_rfwWM64/faces_rfwWM64/results.csv,IU
noaa,VGG2k / no AA,r21vgg2k_vgg16_bn_s42,face_transfer,124,two_shared_ui,RFW WM64,Faces,0.37,0.39,50,within_sampled_range,UU,96.66666666666667,4.208968935634212,96.29,0.37666666666666515,True,runs/yin_latest_vgg_20260927/transfer/results/r21vgg2k_vgg16_bn_s42/faces_rfwWM64/faces_rfwWM64/results.csv,UU
noaa,VGG2k / no AA,r21vgg2k_vgg16_bn_s42,face_transfer,124,two_shared_ui,RFW WM64,Faces,0.37,0.39,50,within_sampled_range,II,82.75,8.626230235309183,81.88,0.8700000000000045,True,runs/yin_latest_vgg_20260927/transfer/results/r21vgg2k_vgg16_bn_s42/faces_rfwWM64/faces_rfwWM64/results.csv,II
noaa,VGG2k / no AA,r21vgg2k_vgg16_bn_s42,face_transfer,124,two_shared_ui,RFW WM64,Faces,0.37,0.39,50,within_sampled_range,UI,91.0,6.319623542850952,84.13,6.8700000000000045,False,runs/yin_latest_vgg_20260927/transfer/results/r21vgg2k_vgg16_bn_s42/faces_rfwWM64/faces_rfwWM64/results.csv,UI_shared
noaa,VGG2k / no AA,r21vgg2k_vgg16_bn_s42,face_transfer,124,two_shared_ui,RFW WM64,Faces,0.37,0.39,50,within_sampled_range,IU,85.58333333333333,6.5319075564899585,78.58,7.00333333333333,False,runs/yin_latest_vgg_20260927/transfer/results/r21vgg2k_vgg16_bn_s42/faces_rfwWM64/faces_rfwWM64/results.csv,IU
noaa,VGG2k / no AA,r21vgg2k_vgg16_bn_s42,face_transfer,124,single_uu,RFW WM64,Objects,0.37,,50,within_sampled_range,UU,93.16666666666667,5.1037978833871485,84.79,8.376666666666665,False,runs/yin_latest_vgg_20260927/single_noise/r21vgg2k_vgg16_bn_s42/faces_rfwWM64/objects/results.csv,UU
noaa,VGG2k / no AA,r21vgg2k_vgg16_bn_s42,face_transfer,124,single_uu,RFW WM64,Objects,0.37,,50,within_sampled_range,II,92.83333333333333,4.982964175346752,83.96,8.873333333333335,False,runs/yin_latest_vgg_20260927/single_noise/r21vgg2k_vgg16_bn_s42/faces_rfwWM64/objects/results.csv,II
noaa,VGG2k / no AA,r21vgg2k_vgg16_bn_s42,face_transfer,124,single_uu,RFW WM64,Objects,0.37,,50,within_sampled_range,UI,90.16666666666667,5.240800167394081,86.71,3.4566666666666777,False,runs/yin_latest_vgg_20260927/single_noise/r21vgg2k_vgg16_bn_s42/faces_rfwWM64/objects/results.csv,UI
noaa,VGG2k / no AA,r21vgg2k_vgg16_bn_s42,face_transfer,124,single_uu,RFW WM64,Objects,0.37,,50,within_sampled_range,IU,90.75,5.6650908172997525,82.75,8.0,False,runs/yin_latest_vgg_20260927/single_noise/r21vgg2k_vgg16_bn_s42/faces_rfwWM64/objects/results.csv,IU
noaa,VGG2k / no AA,r21vgg2k_vgg16_bn_s42,face_transfer,124,two_cross,RFW WM64,Objects,0.37,0.39,50,within_sampled_range,UU,93.16666666666667,5.1037978833871485,84.79,8.376666666666665,False,runs/yin_latest_vgg_20260927/transfer/results/r21vgg2k_vgg16_bn_s42/faces_rfwWM64/objects/results.csv,UU
noaa,VGG2k / no AA,r21vgg2k_vgg16_bn_s42,face_transfer,124,two_cross,RFW WM64,Objects,0.37,0.39,50,within_sampled_range,II,89.0,5.6318457964356545,83.96,5.040000000000006,False,runs/yin_latest_vgg_20260927/transfer/results/r21vgg2k_vgg16_bn_s42/faces_rfwWM64/objects/results.csv,II
noaa,VGG2k / no AA,r21vgg2k_vgg16_bn_s42,face_transfer,124,two_cross,RFW WM64,Objects,0.37,0.39,50,within_sampled_range,UI,87.58333333333333,5.981476508730082,86.71,0.8733333333333348,False,runs/yin_latest_vgg_20260927/transfer/results/r21vgg2k_vgg16_bn_s42/faces_rfwWM64/objects/results.csv,UI_cross
noaa,VGG2k / no AA,r21vgg2k_vgg16_bn_s42,face_transfer,124,two_cross,RFW WM64,Objects,0.37,0.39,50,within_sampled_range,IU,89.0,6.229274024738633,82.75,6.25,False,runs/yin_latest_vgg_20260927/transfer/results/r21vgg2k_vgg16_bn_s42/faces_rfwWM64/objects/results.csv,IU
noaa,VGG2k / no AA,r21vgg2k_vgg16_bn_s42,face_transfer,124,two_shared_ui,RFW WM64,Objects,0.37,0.39,50,within_sampled_range,UU,93.16666666666667,5.1037978833871485,84.79,8.376666666666665,False,runs/yin_latest_vgg_20260927/transfer/results/r21vgg2k_vgg16_bn_s42/faces_rfwWM64/objects/results.csv,UU
noaa,VGG2k / no AA,r21vgg2k_vgg16_bn_s42,face_transfer,124,two_shared_ui,RFW WM64,Objects,0.37,0.39,50,within_sampled_range,II,89.0,5.6318457964356545,83.96,5.040000000000006,False,runs/yin_latest_vgg_20260927/transfer/results/r21vgg2k_vgg16_bn_s42/faces_rfwWM64/objects/results.csv,II
noaa,VGG2k / no AA,r21vgg2k_vgg16_bn_s42,face_transfer,124,two_shared_ui,RFW WM64,Objects,0.37,0.39,50,within_sampled_range,UI,90.16666666666667,5.240800167394081,86.71,3.4566666666666777,False,runs/yin_latest_vgg_20260927/transfer/results/r21vgg2k_vgg16_bn_s42/faces_rfwWM64/objects/results.csv,UI_shared
noaa,VGG2k / no AA,r21vgg2k_vgg16_bn_s42,face_transfer,124,two_shared_ui,RFW WM64,Objects,0.37,0.39,50,within_sampled_range,IU,89.0,6.229274024738633,82.75,6.25,False,runs/yin_latest_vgg_20260927/transfer/results/r21vgg2k_vgg16_bn_s42/faces_rfwWM64/objects/results.csv,IU
noaa,VGG2k / no AA,r21vgg2k_vgg16_bn_s42,face_transfer,124,single_uu,RFW WM64,Houses,0.37,,50,within_sampled_range,UU,69.41666666666667,8.012974880773637,90.71,-21.293333333333322,False,runs/yin_latest_vgg_20260927/single_noise/r21vgg2k_vgg16_bn_s42/faces_rfwWM64/houses_yin64/results.csv,UU
noaa,VGG2k / no AA,r21vgg2k_vgg16_bn_s42,face_transfer,124,single_uu,RFW WM64,Houses,0.37,,50,within_sampled_range,II,72.16666666666667,8.394334554192474,85.75,-13.583333333333329,False,runs/yin_latest_vgg_20260927/single_noise/r21vgg2k_vgg16_bn_s42/faces_rfwWM64/houses_yin64/results.csv,II
noaa,VGG2k / no AA,r21vgg2k_vgg16_bn_s42,face_transfer,124,single_uu,RFW WM64,Houses,0.37,,50,within_sampled_range,UI,70.25,8.161927682359325,88.08,-17.83,False,runs/yin_latest_vgg_20260927/single_noise/r21vgg2k_vgg16_bn_s42/faces_rfwWM64/houses_yin64/results.csv,UI
noaa,VGG2k / no AA,r21vgg2k_vgg16_bn_s42,face_transfer,124,single_uu,RFW WM64,Houses,0.37,,50,within_sampled_range,IU,68.0,7.213932098830057,85.71,-17.709999999999994,False,runs/yin_latest_vgg_20260927/single_noise/r21vgg2k_vgg16_bn_s42/faces_rfwWM64/houses_yin64/results.csv,IU
noaa,VGG2k / no AA,r21vgg2k_vgg16_bn_s42,face_transfer,124,two_cross,RFW WM64,Houses,0.37,0.39,50,within_sampled_range,UU,69.41666666666667,8.012974880773637,90.71,-21.293333333333322,False,runs/yin_latest_vgg_20260927/transfer/results/r21vgg2k_vgg16_bn_s42/faces_rfwWM64/houses_yin64/results.csv,UU
noaa,VGG2k / no AA,r21vgg2k_vgg16_bn_s42,face_transfer,124,two_cross,RFW WM64,Houses,0.37,0.39,50,within_sampled_range,II,63.583333333333336,8.82117954792782,85.75,-22.166666666666664,False,runs/yin_latest_vgg_20260927/transfer/results/r21vgg2k_vgg16_bn_s42/faces_rfwWM64/houses_yin64/results.csv,II
noaa,VGG2k / no AA,r21vgg2k_vgg16_bn_s42,face_transfer,124,two_cross,RFW WM64,Houses,0.37,0.39,50,within_sampled_range,UI,68.33333333333333,8.375742428256125,88.08,-19.74666666666667,False,runs/yin_latest_vgg_20260927/transfer/results/r21vgg2k_vgg16_bn_s42/faces_rfwWM64/houses_yin64/results.csv,UI_cross
noaa,VGG2k / no AA,r21vgg2k_vgg16_bn_s42,face_transfer,124,two_cross,RFW WM64,Houses,0.37,0.39,50,within_sampled_range,IU,66.5,8.665162088132307,85.71,-19.209999999999994,False,runs/yin_latest_vgg_20260927/transfer/results/r21vgg2k_vgg16_bn_s42/faces_rfwWM64/houses_yin64/results.csv,IU
noaa,VGG2k / no AA,r21vgg2k_vgg16_bn_s42,face_transfer,124,two_shared_ui,RFW WM64,Houses,0.37,0.39,50,within_sampled_range,UU,69.41666666666667,8.012974880773637,90.71,-21.293333333333322,False,runs/yin_latest_vgg_20260927/transfer/results/r21vgg2k_vgg16_bn_s42/faces_rfwWM64/houses_yin64/results.csv,UU
noaa,VGG2k / no AA,r21vgg2k_vgg16_bn_s42,face_transfer,124,two_shared_ui,RFW WM64,Houses,0.37,0.39,50,within_sampled_range,II,63.583333333333336,8.82117954792782,85.75,-22.166666666666664,False,runs/yin_latest_vgg_20260927/transfer/results/r21vgg2k_vgg16_bn_s42/faces_rfwWM64/houses_yin64/results.csv,II
noaa,VGG2k / no AA,r21vgg2k_vgg16_bn_s42,face_transfer,124,two_shared_ui,RFW WM64,Houses,0.37,0.39,50,within_sampled_range,UI,70.25,8.161927682359325,88.08,-17.83,False,runs/yin_latest_vgg_20260927/transfer/results/r21vgg2k_vgg16_bn_s42/faces_rfwWM64/houses_yin64/results.csv,UI_shared
noaa,VGG2k / no AA,r21vgg2k_vgg16_bn_s42,face_transfer,124,two_shared_ui,RFW WM64,Houses,0.37,0.39,50,within_sampled_range,IU,66.5,8.665162088132307,85.71,-19.209999999999994,False,runs/yin_latest_vgg_20260927/transfer/results/r21vgg2k_vgg16_bn_s42/faces_rfwWM64/houses_yin64/results.csv,IU
noaa,VGG2k / no AA,r21vgg2k_vgg16_bn_s42,face_transfer,124,single_uu,CFD WM64,Faces,0.36,,50,within_sampled_range,UU,96.08333333333333,3.8030078202293556,96.29,-0.20666666666667766,True,runs/yin_latest_vgg_20260927/single_noise/r21vgg2k_vgg16_bn_s42/faces_cfdWM64/faces_cfdWM64/results.csv,UU
noaa,VGG2k / no AA,r21vgg2k_vgg16_bn_s42,face_transfer,124,single_uu,CFD WM64,Faces,0.36,,50,within_sampled_range,II,89.58333333333333,4.854019770922646,81.88,7.703333333333333,False,runs/yin_latest_vgg_20260927/single_noise/r21vgg2k_vgg16_bn_s42/faces_cfdWM64/faces_cfdWM64/results.csv,II
noaa,VGG2k / no AA,r21vgg2k_vgg16_bn_s42,face_transfer,124,single_uu,CFD WM64,Faces,0.36,,50,within_sampled_range,UI,90.58333333333333,5.881121069491224,84.13,6.453333333333333,False,runs/yin_latest_vgg_20260927/single_noise/r21vgg2k_vgg16_bn_s42/faces_cfdWM64/faces_cfdWM64/results.csv,UI
noaa,VGG2k / no AA,r21vgg2k_vgg16_bn_s42,face_transfer,124,single_uu,CFD WM64,Faces,0.36,,50,within_sampled_range,IU,90.25,4.732797948067671,78.58,11.670000000000002,False,runs/yin_latest_vgg_20260927/single_noise/r21vgg2k_vgg16_bn_s42/faces_cfdWM64/faces_cfdWM64/results.csv,IU
noaa,VGG2k / no AA,r21vgg2k_vgg16_bn_s42,face_transfer,124,two_cross,CFD WM64,Faces,0.36,0.38,50,within_sampled_range,UU,96.08333333333333,3.8030078202293556,96.29,-0.20666666666667766,True,runs/yin_latest_vgg_20260927/transfer/results/r21vgg2k_vgg16_bn_s42/faces_cfdWM64/faces_cfdWM64/results.csv,UU
noaa,VGG2k / no AA,r21vgg2k_vgg16_bn_s42,face_transfer,124,two_cross,CFD WM64,Faces,0.36,0.38,50,within_sampled_range,II,81.25,7.253605718424965,81.88,-0.6299999999999955,True,runs/yin_latest_vgg_20260927/transfer/results/r21vgg2k_vgg16_bn_s42/faces_cfdWM64/faces_cfdWM64/results.csv,II
noaa,VGG2k / no AA,r21vgg2k_vgg16_bn_s42,face_transfer,124,two_cross,CFD WM64,Faces,0.36,0.38,50,within_sampled_range,UI,88.33333333333333,6.786758482732966,84.13,4.203333333333333,False,runs/yin_latest_vgg_20260927/transfer/results/r21vgg2k_vgg16_bn_s42/faces_cfdWM64/faces_cfdWM64/results.csv,UI_cross
noaa,VGG2k / no AA,r21vgg2k_vgg16_bn_s42,face_transfer,124,two_cross,CFD WM64,Faces,0.36,0.38,50,within_sampled_range,IU,86.58333333333333,5.788824364959147,78.58,8.00333333333333,False,runs/yin_latest_vgg_20260927/transfer/results/r21vgg2k_vgg16_bn_s42/faces_cfdWM64/faces_cfdWM64/results.csv,IU
noaa,VGG2k / no AA,r21vgg2k_vgg16_bn_s42,face_transfer,124,two_shared_ui,CFD WM64,Faces,0.36,0.38,50,within_sampled_range,UU,96.08333333333333,3.8030078202293556,96.29,-0.20666666666667766,True,runs/yin_latest_vgg_20260927/transfer/results/r21vgg2k_vgg16_bn_s42/faces_cfdWM64/faces_cfdWM64/results.csv,UU
noaa,VGG2k / no AA,r21vgg2k_vgg16_bn_s42,face_transfer,124,two_shared_ui,CFD WM64,Faces,0.36,0.38,50,within_sampled_range,II,81.25,7.253605718424965,81.88,-0.6299999999999955,True,runs/yin_latest_vgg_20260927/transfer/results/r21vgg2k_vgg16_bn_s42/faces_cfdWM64/faces_cfdWM64/results.csv,II
noaa,VGG2k / no AA,r21vgg2k_vgg16_bn_s42,face_transfer,124,two_shared_ui,CFD WM64,Faces,0.36,0.38,50,within_sampled_range,UI,90.58333333333333,5.881121069491224,84.13,6.453333333333333,False,runs/yin_latest_vgg_20260927/transfer/results/r21vgg2k_vgg16_bn_s42/faces_cfdWM64/faces_cfdWM64/results.csv,UI_shared
noaa,VGG2k / no AA,r21vgg2k_vgg16_bn_s42,face_transfer,124,two_shared_ui,CFD WM64,Faces,0.36,0.38,50,within_sampled_range,IU,86.58333333333333,5.788824364959147,78.58,8.00333333333333,False,runs/yin_latest_vgg_20260927/transfer/results/r21vgg2k_vgg16_bn_s42/faces_cfdWM64/faces_cfdWM64/results.csv,IU
noaa,VGG2k / no AA,r21vgg2k_vgg16_bn_s42,face_transfer,124,single_uu,CFD WM64,Objects,0.36,,50,within_sampled_range,UU,94.66666666666667,4.040610178208846,84.79,9.876666666666665,False,runs/yin_latest_vgg_20260927/single_noise/r21vgg2k_vgg16_bn_s42/faces_cfdWM64/objects/results.csv,UU
noaa,VGG2k / no AA,r21vgg2k_vgg16_bn_s42,face_transfer,124,single_uu,CFD WM64,Objects,0.36,,50,within_sampled_range,II,94.0,4.545686450484951,83.96,10.040000000000006,False,runs/yin_latest_vgg_20260927/single_noise/r21vgg2k_vgg16_bn_s42/faces_cfdWM64/objects/results.csv,II
noaa,VGG2k / no AA,r21vgg2k_vgg16_bn_s42,face_transfer,124,single_uu,CFD WM64,Objects,0.36,,50,within_sampled_range,UI,91.75,5.222514706915203,86.71,5.040000000000006,False,runs/yin_latest_vgg_20260927/single_noise/r21vgg2k_vgg16_bn_s42/faces_cfdWM64/objects/results.csv,UI
noaa,VGG2k / no AA,r21vgg2k_vgg16_bn_s42,face_transfer,124,single_uu,CFD WM64,Objects,0.36,,50,within_sampled_range,IU,92.75,4.43921531952002,82.75,10.0,False,runs/yin_latest_vgg_20260927/single_noise/r21vgg2k_vgg16_bn_s42/faces_cfdWM64/objects/results.csv,IU
noaa,VGG2k / no AA,r21vgg2k_vgg16_bn_s42,face_transfer,124,two_cross,CFD WM64,Objects,0.36,0.38,50,within_sampled_range,UU,94.66666666666667,4.040610178208846,84.79,9.876666666666665,False,runs/yin_latest_vgg_20260927/transfer/results/r21vgg2k_vgg16_bn_s42/faces_cfdWM64/objects/results.csv,UU
noaa,VGG2k / no AA,r21vgg2k_vgg16_bn_s42,face_transfer,124,two_cross,CFD WM64,Objects,0.36,0.38,50,within_sampled_range,II,91.08333333333333,5.3246368298330475,83.96,7.123333333333335,False,runs/yin_latest_vgg_20260927/transfer/results/r21vgg2k_vgg16_bn_s42/faces_cfdWM64/objects/results.csv,II
noaa,VGG2k / no AA,r21vgg2k_vgg16_bn_s42,face_transfer,124,two_cross,CFD WM64,Objects,0.36,0.38,50,within_sampled_range,UI,90.33333333333333,5.858787999697279,86.71,3.623333333333335,False,runs/yin_latest_vgg_20260927/transfer/results/r21vgg2k_vgg16_bn_s42/faces_cfdWM64/objects/results.csv,UI_cross
noaa,VGG2k / no AA,r21vgg2k_vgg16_bn_s42,face_transfer,124,two_cross,CFD WM64,Objects,0.36,0.38,50,within_sampled_range,IU,90.25,5.747053864191098,82.75,7.5,False,runs/yin_latest_vgg_20260927/transfer/results/r21vgg2k_vgg16_bn_s42/faces_cfdWM64/objects/results.csv,IU
noaa,VGG2k / no AA,r21vgg2k_vgg16_bn_s42,face_transfer,124,two_shared_ui,CFD WM64,Objects,0.36,0.38,50,within_sampled_range,UU,94.66666666666667,4.040610178208846,84.79,9.876666666666665,False,runs/yin_latest_vgg_20260927/transfer/results/r21vgg2k_vgg16_bn_s42/faces_cfdWM64/objects/results.csv,UU
noaa,VGG2k / no AA,r21vgg2k_vgg16_bn_s42,face_transfer,124,two_shared_ui,CFD WM64,Objects,0.36,0.38,50,within_sampled_range,II,91.08333333333333,5.3246368298330475,83.96,7.123333333333335,False,runs/yin_latest_vgg_20260927/transfer/results/r21vgg2k_vgg16_bn_s42/faces_cfdWM64/objects/results.csv,II
noaa,VGG2k / no AA,r21vgg2k_vgg16_bn_s42,face_transfer,124,two_shared_ui,CFD WM64,Objects,0.36,0.38,50,within_sampled_range,UI,91.75,5.222514706915203,86.71,5.040000000000006,False,runs/yin_latest_vgg_20260927/transfer/results/r21vgg2k_vgg16_bn_s42/faces_cfdWM64/objects/results.csv,UI_shared
noaa,VGG2k / no AA,r21vgg2k_vgg16_bn_s42,face_transfer,124,two_shared_ui,CFD WM64,Objects,0.36,0.38,50,within_sampled_range,IU,90.25,5.747053864191098,82.75,7.5,False,runs/yin_latest_vgg_20260927/transfer/results/r21vgg2k_vgg16_bn_s42/faces_cfdWM64/objects/results.csv,IU
noaa,VGG2k / no AA,r21vgg2k_vgg16_bn_s42,face_transfer,124,single_uu,CFD WM64,Houses,0.36,,50,within_sampled_range,UU,71.58333333333333,7.467332483676397,90.71,-19.126666666666665,False,runs/yin_latest_vgg_20260927/single_noise/r21vgg2k_vgg16_bn_s42/faces_cfdWM64/houses_yin64/results.csv,UU
noaa,VGG2k / no AA,r21vgg2k_vgg16_bn_s42,face_transfer,124,single_uu,CFD WM64,Houses,0.36,,50,within_sampled_range,II,75.5,6.7153832267478375,85.75,-10.25,False,runs/yin_latest_vgg_20260927/single_noise/r21vgg2k_vgg16_bn_s42/faces_cfdWM64/houses_yin64/results.csv,II
noaa,VGG2k / no AA,r21vgg2k_vgg16_bn_s42,face_transfer,124,single_uu,CFD WM64,Houses,0.36,,50,within_sampled_range,UI,70.66666666666667,7.14087274022325,88.08,-17.413333333333327,False,runs/yin_latest_vgg_20260927/single_noise/r21vgg2k_vgg16_bn_s42/faces_cfdWM64/houses_yin64/results.csv,UI
noaa,VGG2k / no AA,r21vgg2k_vgg16_bn_s42,face_transfer,124,single_uu,CFD WM64,Houses,0.36,,50,within_sampled_range,IU,70.83333333333333,7.093080528460111,85.71,-14.876666666666665,False,runs/yin_latest_vgg_20260927/single_noise/r21vgg2k_vgg16_bn_s42/faces_cfdWM64/houses_yin64/results.csv,IU
noaa,VGG2k / no AA,r21vgg2k_vgg16_bn_s42,face_transfer,124,two_cross,CFD WM64,Houses,0.36,0.38,50,within_sampled_range,UU,71.58333333333333,7.467332483676397,90.71,-19.126666666666665,False,runs/yin_latest_vgg_20260927/transfer/results/r21vgg2k_vgg16_bn_s42/faces_cfdWM64/houses_yin64/results.csv,UU
noaa,VGG2k / no AA,r21vgg2k_vgg16_bn_s42,face_transfer,124,two_cross,CFD WM64,Houses,0.36,0.38,50,within_sampled_range,II,67.91666666666667,8.758297005691764,85.75,-17.83333333333333,False,runs/yin_latest_vgg_20260927/transfer/results/r21vgg2k_vgg16_bn_s42/faces_cfdWM64/houses_yin64/results.csv,II
noaa,VGG2k / no AA,r21vgg2k_vgg16_bn_s42,face_transfer,124,two_cross,CFD WM64,Houses,0.36,0.38,50,within_sampled_range,UI,69.66666666666667,8.249579113843055,88.08,-18.413333333333327,False,runs/yin_latest_vgg_20260927/transfer/results/r21vgg2k_vgg16_bn_s42/faces_cfdWM64/houses_yin64/results.csv,UI_cross
noaa,VGG2k / no AA,r21vgg2k_vgg16_bn_s42,face_transfer,124,two_cross,CFD WM64,Houses,0.36,0.38,50,within_sampled_range,IU,67.33333333333333,7.639481527206879,85.71,-18.376666666666665,False,runs/yin_latest_vgg_20260927/transfer/results/r21vgg2k_vgg16_bn_s42/faces_cfdWM64/houses_yin64/results.csv,IU
noaa,VGG2k / no AA,r21vgg2k_vgg16_bn_s42,face_transfer,124,two_shared_ui,CFD WM64,Houses,0.36,0.38,50,within_sampled_range,UU,71.58333333333333,7.467332483676397,90.71,-19.126666666666665,False,runs/yin_latest_vgg_20260927/transfer/results/r21vgg2k_vgg16_bn_s42/faces_cfdWM64/houses_yin64/results.csv,UU
noaa,VGG2k / no AA,r21vgg2k_vgg16_bn_s42,face_transfer,124,two_shared_ui,CFD WM64,Houses,0.36,0.38,50,within_sampled_range,II,67.91666666666667,8.758297005691764,85.75,-17.83333333333333,False,runs/yin_latest_vgg_20260927/transfer/results/r21vgg2k_vgg16_bn_s42/faces_cfdWM64/houses_yin64/results.csv,II
noaa,VGG2k / no AA,r21vgg2k_vgg16_bn_s42,face_transfer,124,two_shared_ui,CFD WM64,Houses,0.36,0.38,50,within_sampled_range,UI,70.66666666666667,7.14087274022325,88.08,-17.413333333333327,False,runs/yin_latest_vgg_20260927/transfer/results/r21vgg2k_vgg16_bn_s42/faces_cfdWM64/houses_yin64/results.csv,UI_shared
noaa,VGG2k / no AA,r21vgg2k_vgg16_bn_s42,face_transfer,124,two_shared_ui,CFD WM64,Houses,0.36,0.38,50,within_sampled_range,IU,67.33333333333333,7.639481527206879,85.71,-18.376666666666665,False,runs/yin_latest_vgg_20260927/transfer/results/r21vgg2k_vgg16_bn_s42/faces_cfdWM64/houses_yin64/results.csv,IU
aa4,VGG2k / AA4,r21vgg2k_vgg16_bn_aa_s42,face_transfer,124,single_uu,RFW WM64,Faces,0.37,,50,within_sampled_range,UU,96.58333333333334,3.439013529917689,96.29,0.29333333333333655,True,runs/yin_single_noise_20260925/results/r21vgg2k_vgg16_bn_aa_s42/faces_rfwWM64/faces_rfwWM64/results.csv,UU
aa4,VGG2k / AA4,r21vgg2k_vgg16_bn_aa_s42,face_transfer,124,single_uu,RFW WM64,Faces,0.37,,50,within_sampled_range,II,91.66666666666667,4.610694459770736,81.88,9.786666666666676,False,runs/yin_single_noise_20260925/results/r21vgg2k_vgg16_bn_aa_s42/faces_rfwWM64/faces_rfwWM64/results.csv,II
aa4,VGG2k / AA4,r21vgg2k_vgg16_bn_aa_s42,face_transfer,124,single_uu,RFW WM64,Faces,0.37,,50,within_sampled_range,UI,91.33333333333333,4.520675606201793,84.13,7.203333333333333,False,runs/yin_single_noise_20260925/results/r21vgg2k_vgg16_bn_aa_s42/faces_rfwWM64/faces_rfwWM64/results.csv,UI
aa4,VGG2k / AA4,r21vgg2k_vgg16_bn_aa_s42,face_transfer,124,single_uu,RFW WM64,Faces,0.37,,50,within_sampled_range,IU,90.5,5.458044469689358,78.58,11.920000000000002,False,runs/yin_single_noise_20260925/results/r21vgg2k_vgg16_bn_aa_s42/faces_rfwWM64/faces_rfwWM64/results.csv,IU
aa4,VGG2k / AA4,r21vgg2k_vgg16_bn_aa_s42,face_transfer,124,two_cross,RFW WM64,Faces,0.37,0.4,50,within_sampled_range,UU,96.58333333333334,3.439013529917689,96.29,0.29333333333333655,True,runs/yin_noise_matrix_20260926/results/r21vgg2k_vgg16_bn_aa_s42/faces_rfwWM64/faces_rfwWM64/results.csv,UU
aa4,VGG2k / AA4,r21vgg2k_vgg16_bn_aa_s42,face_transfer,124,two_cross,RFW WM64,Faces,0.37,0.4,50,within_sampled_range,II,80.66666666666667,8.899157900490836,81.88,-1.213333333333324,True,runs/yin_noise_matrix_20260926/results/r21vgg2k_vgg16_bn_aa_s42/faces_rfwWM64/faces_rfwWM64/results.csv,II
aa4,VGG2k / AA4,r21vgg2k_vgg16_bn_aa_s42,face_transfer,124,two_cross,RFW WM64,Faces,0.37,0.4,50,within_sampled_range,UI,85.58333333333333,6.952319797513157,84.13,1.4533333333333331,False,runs/yin_noise_matrix_20260926/results/r21vgg2k_vgg16_bn_aa_s42/faces_rfwWM64/faces_rfwWM64/results.csv,UI_cross
aa4,VGG2k / AA4,r21vgg2k_vgg16_bn_aa_s42,face_transfer,124,two_cross,RFW WM64,Faces,0.37,0.4,50,within_sampled_range,IU,82.75,7.1433531573810445,78.58,4.170000000000002,False,runs/yin_noise_matrix_20260926/results/r21vgg2k_vgg16_bn_aa_s42/faces_rfwWM64/faces_rfwWM64/results.csv,IU
aa4,VGG2k / AA4,r21vgg2k_vgg16_bn_aa_s42,face_transfer,124,two_shared_ui,RFW WM64,Faces,0.37,0.4,50,within_sampled_range,UU,96.58333333333334,3.439013529917689,96.29,0.29333333333333655,True,runs/yin_noise_matrix_20260926/results/r21vgg2k_vgg16_bn_aa_s42/faces_rfwWM64/faces_rfwWM64/results.csv,UU
aa4,VGG2k / AA4,r21vgg2k_vgg16_bn_aa_s42,face_transfer,124,two_shared_ui,RFW WM64,Faces,0.37,0.4,50,within_sampled_range,II,80.66666666666667,8.899157900490836,81.88,-1.213333333333324,True,runs/yin_noise_matrix_20260926/results/r21vgg2k_vgg16_bn_aa_s42/faces_rfwWM64/faces_rfwWM64/results.csv,II
aa4,VGG2k / AA4,r21vgg2k_vgg16_bn_aa_s42,face_transfer,124,two_shared_ui,RFW WM64,Faces,0.37,0.4,50,within_sampled_range,UI,91.33333333333333,4.520675606201793,84.13,7.203333333333333,False,runs/yin_noise_matrix_20260926/results/r21vgg2k_vgg16_bn_aa_s42/faces_rfwWM64/faces_rfwWM64/results.csv,UI_shared
aa4,VGG2k / AA4,r21vgg2k_vgg16_bn_aa_s42,face_transfer,124,two_shared_ui,RFW WM64,Faces,0.37,0.4,50,within_sampled_range,IU,82.75,7.1433531573810445,78.58,4.170000000000002,False,runs/yin_noise_matrix_20260926/results/r21vgg2k_vgg16_bn_aa_s42/faces_rfwWM64/faces_rfwWM64/results.csv,IU
aa4,VGG2k / AA4,r21vgg2k_vgg16_bn_aa_s42,face_transfer,124,single_uu,RFW WM64,Objects,0.37,,50,within_sampled_range,UU,93.16666666666667,5.033898693301426,84.79,8.376666666666665,False,runs/yin_single_noise_20260925/results/r21vgg2k_vgg16_bn_aa_s42/faces_rfwWM64/objects/results.csv,UU
aa4,VGG2k / AA4,r21vgg2k_vgg16_bn_aa_s42,face_transfer,124,single_uu,RFW WM64,Objects,0.37,,50,within_sampled_range,II,93.91666666666667,4.391066224168573,83.96,9.956666666666678,False,runs/yin_single_noise_20260925/results/r21vgg2k_vgg16_bn_aa_s42/faces_rfwWM64/objects/results.csv,II
aa4,VGG2k / AA4,r21vgg2k_vgg16_bn_aa_s42,face_transfer,124,single_uu,RFW WM64,Objects,0.37,,50,within_sampled_range,UI,88.83333333333333,5.0815347548602485,86.71,2.123333333333335,False,runs/yin_single_noise_20260925/results/r21vgg2k_vgg16_bn_aa_s42/faces_rfwWM64/objects/results.csv,UI
aa4,VGG2k / AA4,r21vgg2k_vgg16_bn_aa_s42,face_transfer,124,single_uu,RFW WM64,Objects,0.37,,50,within_sampled_range,IU,90.66666666666667,5.491696473652762,82.75,7.916666666666671,False,runs/yin_single_noise_20260925/results/r21vgg2k_vgg16_bn_aa_s42/faces_rfwWM64/objects/results.csv,IU
aa4,VGG2k / AA4,r21vgg2k_vgg16_bn_aa_s42,face_transfer,124,two_cross,RFW WM64,Objects,0.37,0.4,50,within_sampled_range,UU,93.16666666666667,5.033898693301426,84.79,8.376666666666665,False,runs/yin_noise_matrix_20260926/results/r21vgg2k_vgg16_bn_aa_s42/faces_rfwWM64/objects/results.csv,UU
aa4,VGG2k / AA4,r21vgg2k_vgg16_bn_aa_s42,face_transfer,124,two_cross,RFW WM64,Objects,0.37,0.4,50,within_sampled_range,II,86.08333333333333,6.047455003399412,83.96,2.123333333333335,False,runs/yin_noise_matrix_20260926/results/r21vgg2k_vgg16_bn_aa_s42/faces_rfwWM64/objects/results.csv,II
aa4,VGG2k / AA4,r21vgg2k_vgg16_bn_aa_s42,face_transfer,124,two_cross,RFW WM64,Objects,0.37,0.4,50,within_sampled_range,UI,87.58333333333333,6.382662350838188,86.71,0.8733333333333348,False,runs/yin_noise_matrix_20260926/results/r21vgg2k_vgg16_bn_aa_s42/faces_rfwWM64/objects/results.csv,UI_cross
aa4,VGG2k / AA4,r21vgg2k_vgg16_bn_aa_s42,face_transfer,124,two_cross,RFW WM64,Objects,0.37,0.4,50,within_sampled_range,IU,87.41666666666667,7.017248751850792,82.75,4.666666666666671,False,runs/yin_noise_matrix_20260926/results/r21vgg2k_vgg16_bn_aa_s42/faces_rfwWM64/objects/results.csv,IU
aa4,VGG2k / AA4,r21vgg2k_vgg16_bn_aa_s42,face_transfer,124,two_shared_ui,RFW WM64,Objects,0.37,0.4,50,within_sampled_range,UU,93.16666666666667,5.033898693301426,84.79,8.376666666666665,False,runs/yin_noise_matrix_20260926/results/r21vgg2k_vgg16_bn_aa_s42/faces_rfwWM64/objects/results.csv,UU
aa4,VGG2k / AA4,r21vgg2k_vgg16_bn_aa_s42,face_transfer,124,two_shared_ui,RFW WM64,Objects,0.37,0.4,50,within_sampled_range,II,86.08333333333333,6.047455003399412,83.96,2.123333333333335,False,runs/yin_noise_matrix_20260926/results/r21vgg2k_vgg16_bn_aa_s42/faces_rfwWM64/objects/results.csv,II
aa4,VGG2k / AA4,r21vgg2k_vgg16_bn_aa_s42,face_transfer,124,two_shared_ui,RFW WM64,Objects,0.37,0.4,50,within_sampled_range,UI,88.83333333333333,5.0815347548602485,86.71,2.123333333333335,False,runs/yin_noise_matrix_20260926/results/r21vgg2k_vgg16_bn_aa_s42/faces_rfwWM64/objects/results.csv,UI_shared
aa4,VGG2k / AA4,r21vgg2k_vgg16_bn_aa_s42,face_transfer,124,two_shared_ui,RFW WM64,Objects,0.37,0.4,50,within_sampled_range,IU,87.41666666666667,7.017248751850792,82.75,4.666666666666671,False,runs/yin_noise_matrix_20260926/results/r21vgg2k_vgg16_bn_aa_s42/faces_rfwWM64/objects/results.csv,IU
aa4,VGG2k / AA4,r21vgg2k_vgg16_bn_aa_s42,face_transfer,124,single_uu,RFW WM64,Houses,0.37,,50,within_sampled_range,UU,64.66666666666667,9.07577073930758,90.71,-26.043333333333322,False,runs/yin_single_noise_20260925/results/r21vgg2k_vgg16_bn_aa_s42/faces_rfwWM64/houses_yin64/results.csv,UU
aa4,VGG2k / AA4,r21vgg2k_vgg16_bn_aa_s42,face_transfer,124,single_uu,RFW WM64,Houses,0.37,,50,within_sampled_range,II,69.16666666666667,8.161493571906007,85.75,-16.58333333333333,False,runs/yin_single_noise_20260925/results/r21vgg2k_vgg16_bn_aa_s42/faces_rfwWM64/houses_yin64/results.csv,II
aa4,VGG2k / AA4,r21vgg2k_vgg16_bn_aa_s42,face_transfer,124,single_uu,RFW WM64,Houses,0.37,,50,within_sampled_range,UI,62.25,8.964609808850764,88.08,-25.83,False,runs/yin_single_noise_20260925/results/r21vgg2k_vgg16_bn_aa_s42/faces_rfwWM64/houses_yin64/results.csv,UI
aa4,VGG2k / AA4,r21vgg2k_vgg16_bn_aa_s42,face_transfer,124,single_uu,RFW WM64,Houses,0.37,,50,within_sampled_range,IU,61.75,8.816358352697252,85.71,-23.959999999999994,False,runs/yin_single_noise_20260925/results/r21vgg2k_vgg16_bn_aa_s42/faces_rfwWM64/houses_yin64/results.csv,IU
aa4,VGG2k / AA4,r21vgg2k_vgg16_bn_aa_s42,face_transfer,124,two_cross,RFW WM64,Houses,0.37,0.4,50,within_sampled_range,UU,64.66666666666667,9.07577073930758,90.71,-26.043333333333322,False,runs/yin_noise_matrix_20260926/results/r21vgg2k_vgg16_bn_aa_s42/faces_rfwWM64/houses_yin64/results.csv,UU
aa4,VGG2k / AA4,r21vgg2k_vgg16_bn_aa_s42,face_transfer,124,two_cross,RFW WM64,Houses,0.37,0.4,50,within_sampled_range,II,61.25,10.386862122985205,85.75,-24.5,False,runs/yin_noise_matrix_20260926/results/r21vgg2k_vgg16_bn_aa_s42/faces_rfwWM64/houses_yin64/results.csv,II
aa4,VGG2k / AA4,r21vgg2k_vgg16_bn_aa_s42,face_transfer,124,two_cross,RFW WM64,Houses,0.37,0.4,50,within_sampled_range,UI,59.166666666666664,10.614615773885124,88.08,-28.913333333333334,False,runs/yin_noise_matrix_20260926/results/r21vgg2k_vgg16_bn_aa_s42/faces_rfwWM64/houses_yin64/results.csv,UI_cross
aa4,VGG2k / AA4,r21vgg2k_vgg16_bn_aa_s42,face_transfer,124,two_cross,RFW WM64,Houses,0.37,0.4,50,within_sampled_range,IU,55.08333333333333,10.920307592455085,85.71,-30.626666666666665,False,runs/yin_noise_matrix_20260926/results/r21vgg2k_vgg16_bn_aa_s42/faces_rfwWM64/houses_yin64/results.csv,IU
aa4,VGG2k / AA4,r21vgg2k_vgg16_bn_aa_s42,face_transfer,124,two_shared_ui,RFW WM64,Houses,0.37,0.4,50,within_sampled_range,UU,64.66666666666667,9.07577073930758,90.71,-26.043333333333322,False,runs/yin_noise_matrix_20260926/results/r21vgg2k_vgg16_bn_aa_s42/faces_rfwWM64/houses_yin64/results.csv,UU
aa4,VGG2k / AA4,r21vgg2k_vgg16_bn_aa_s42,face_transfer,124,two_shared_ui,RFW WM64,Houses,0.37,0.4,50,within_sampled_range,II,61.25,10.386862122985205,85.75,-24.5,False,runs/yin_noise_matrix_20260926/results/r21vgg2k_vgg16_bn_aa_s42/faces_rfwWM64/houses_yin64/results.csv,II
aa4,VGG2k / AA4,r21vgg2k_vgg16_bn_aa_s42,face_transfer,124,two_shared_ui,RFW WM64,Houses,0.37,0.4,50,within_sampled_range,UI,62.25,8.964609808850764,88.08,-25.83,False,runs/yin_noise_matrix_20260926/results/r21vgg2k_vgg16_bn_aa_s42/faces_rfwWM64/houses_yin64/results.csv,UI_shared
aa4,VGG2k / AA4,r21vgg2k_vgg16_bn_aa_s42,face_transfer,124,two_shared_ui,RFW WM64,Houses,0.37,0.4,50,within_sampled_range,IU,55.08333333333333,10.920307592455085,85.71,-30.626666666666665,False,runs/yin_noise_matrix_20260926/results/r21vgg2k_vgg16_bn_aa_s42/faces_rfwWM64/houses_yin64/results.csv,IU
aa4,VGG2k / AA4,r21vgg2k_vgg16_bn_aa_s42,face_transfer,124,single_uu,CFD WM64,Faces,0.35,,50,within_sampled_range,UU,96.83333333333334,3.626558621839956,96.29,0.5433333333333366,True,runs/yin_single_noise_20260925/results/r21vgg2k_vgg16_bn_aa_s42/faces_cfdWM64/faces_cfdWM64/results.csv,UU
aa4,VGG2k / AA4,r21vgg2k_vgg16_bn_aa_s42,face_transfer,124,single_uu,CFD WM64,Faces,0.35,,50,within_sampled_range,II,92.83333333333333,4.212334764989081,81.88,10.953333333333333,False,runs/yin_single_noise_20260925/results/r21vgg2k_vgg16_bn_aa_s42/faces_cfdWM64/faces_cfdWM64/results.csv,II
aa4,VGG2k / AA4,r21vgg2k_vgg16_bn_aa_s42,face_transfer,124,single_uu,CFD WM64,Faces,0.35,,50,within_sampled_range,UI,91.58333333333333,4.798224586623002,84.13,7.453333333333333,False,runs/yin_single_noise_20260925/results/r21vgg2k_vgg16_bn_aa_s42/faces_cfdWM64/faces_cfdWM64/results.csv,UI
aa4,VGG2k / AA4,r21vgg2k_vgg16_bn_aa_s42,face_transfer,124,single_uu,CFD WM64,Faces,0.35,,50,within_sampled_range,IU,92.0,5.313312762957478,78.58,13.420000000000002,False,runs/yin_single_noise_20260925/results/r21vgg2k_vgg16_bn_aa_s42/faces_cfdWM64/faces_cfdWM64/results.csv,IU
aa4,VGG2k / AA4,r21vgg2k_vgg16_bn_aa_s42,face_transfer,124,two_cross,CFD WM64,Faces,0.35,0.38,50,within_sampled_range,UU,96.83333333333334,3.626558621839956,96.29,0.5433333333333366,True,runs/yin_noise_matrix_20260926/results/r21vgg2k_vgg16_bn_aa_s42/faces_cfdWM64/faces_cfdWM64/results.csv,UU
aa4,VGG2k / AA4,r21vgg2k_vgg16_bn_aa_s42,face_transfer,124,two_cross,CFD WM64,Faces,0.35,0.38,50,within_sampled_range,II,83.25,7.117514566577448,81.88,1.3700000000000045,True,runs/yin_noise_matrix_20260926/results/r21vgg2k_vgg16_bn_aa_s42/faces_cfdWM64/faces_cfdWM64/results.csv,II
aa4,VGG2k / AA4,r21vgg2k_vgg16_bn_aa_s42,face_transfer,124,two_cross,CFD WM64,Faces,0.35,0.38,50,within_sampled_range,UI,88.83333333333333,5.918953759360027,84.13,4.703333333333333,False,runs/yin_noise_matrix_20260926/results/r21vgg2k_vgg16_bn_aa_s42/faces_cfdWM64/faces_cfdWM64/results.csv,UI_cross
aa4,VGG2k / AA4,r21vgg2k_vgg16_bn_aa_s42,face_transfer,124,two_cross,CFD WM64,Faces,0.35,0.38,50,within_sampled_range,IU,85.75,7.147320034353394,78.58,7.170000000000002,False,runs/yin_noise_matrix_20260926/results/r21vgg2k_vgg16_bn_aa_s42/faces_cfdWM64/faces_cfdWM64/results.csv,IU
aa4,VGG2k / AA4,r21vgg2k_vgg16_bn_aa_s42,face_transfer,124,two_shared_ui,CFD WM64,Faces,0.35,0.38,50,within_sampled_range,UU,96.83333333333334,3.626558621839956,96.29,0.5433333333333366,True,runs/yin_noise_matrix_20260926/results/r21vgg2k_vgg16_bn_aa_s42/faces_cfdWM64/faces_cfdWM64/results.csv,UU
aa4,VGG2k / AA4,r21vgg2k_vgg16_bn_aa_s42,face_transfer,124,two_shared_ui,CFD WM64,Faces,0.35,0.38,50,within_sampled_range,II,83.25,7.117514566577448,81.88,1.3700000000000045,True,runs/yin_noise_matrix_20260926/results/r21vgg2k_vgg16_bn_aa_s42/faces_cfdWM64/faces_cfdWM64/results.csv,II
aa4,VGG2k / AA4,r21vgg2k_vgg16_bn_aa_s42,face_transfer,124,two_shared_ui,CFD WM64,Faces,0.35,0.38,50,within_sampled_range,UI,91.58333333333333,4.798224586623002,84.13,7.453333333333333,False,runs/yin_noise_matrix_20260926/results/r21vgg2k_vgg16_bn_aa_s42/faces_cfdWM64/faces_cfdWM64/results.csv,UI_shared
aa4,VGG2k / AA4,r21vgg2k_vgg16_bn_aa_s42,face_transfer,124,two_shared_ui,CFD WM64,Faces,0.35,0.38,50,within_sampled_range,IU,85.75,7.147320034353394,78.58,7.170000000000002,False,runs/yin_noise_matrix_20260926/results/r21vgg2k_vgg16_bn_aa_s42/faces_cfdWM64/faces_cfdWM64/results.csv,IU
aa4,VGG2k / AA4,r21vgg2k_vgg16_bn_aa_s42,face_transfer,124,single_uu,CFD WM64,Objects,0.35,,50,within_sampled_range,UU,95.58333333333333,3.8030078202293565,84.79,10.793333333333322,False,runs/yin_single_noise_20260925/results/r21vgg2k_vgg16_bn_aa_s42/faces_cfdWM64/objects/results.csv,UU
aa4,VGG2k / AA4,r21vgg2k_vgg16_bn_aa_s42,face_transfer,124,single_uu,CFD WM64,Objects,0.35,,50,within_sampled_range,II,96.08333333333333,3.5124091647456996,83.96,12.123333333333335,False,runs/yin_single_noise_20260925/results/r21vgg2k_vgg16_bn_aa_s42/faces_cfdWM64/objects/results.csv,II
aa4,VGG2k / AA4,r21vgg2k_vgg16_bn_aa_s42,face_transfer,124,single_uu,CFD WM64,Objects,0.35,,50,within_sampled_range,UI,91.58333333333333,5.551373142220971,86.71,4.873333333333335,False,runs/yin_single_noise_20260925/results/r21vgg2k_vgg16_bn_aa_s42/faces_cfdWM64/objects/results.csv,UI
aa4,VGG2k / AA4,r21vgg2k_vgg16_bn_aa_s42,face_transfer,124,single_uu,CFD WM64,Objects,0.35,,50,within_sampled_range,IU,93.25,4.365169551737884,82.75,10.5,False,runs/yin_single_noise_20260925/results/r21vgg2k_vgg16_bn_aa_s42/faces_cfdWM64/objects/results.csv,IU
aa4,VGG2k / AA4,r21vgg2k_vgg16_bn_aa_s42,face_transfer,124,two_cross,CFD WM64,Objects,0.35,0.38,50,within_sampled_range,UU,95.58333333333333,3.8030078202293565,84.79,10.793333333333322,False,runs/yin_noise_matrix_20260926/results/r21vgg2k_vgg16_bn_aa_s42/faces_cfdWM64/objects/results.csv,UU
aa4,VGG2k / AA4,r21vgg2k_vgg16_bn_aa_s42,face_transfer,124,two_cross,CFD WM64,Objects,0.35,0.38,50,within_sampled_range,II,92.41666666666667,4.663416020428788,83.96,8.456666666666678,False,runs/yin_noise_matrix_20260926/results/r21vgg2k_vgg16_bn_aa_s42/faces_cfdWM64/objects/results.csv,II
aa4,VGG2k / AA4,r21vgg2k_vgg16_bn_aa_s42,face_transfer,124,two_cross,CFD WM64,Objects,0.35,0.38,50,within_sampled_range,UI,90.5,5.053567923045506,86.71,3.7900000000000063,False,runs/yin_noise_matrix_20260926/results/r21vgg2k_vgg16_bn_aa_s42/faces_cfdWM64/objects/results.csv,UI_cross
aa4,VGG2k / AA4,r21vgg2k_vgg16_bn_aa_s42,face_transfer,124,two_cross,CFD WM64,Objects,0.35,0.38,50,within_sampled_range,IU,90.33333333333333,5.483948955371916,82.75,7.583333333333329,False,runs/yin_noise_matrix_20260926/results/r21vgg2k_vgg16_bn_aa_s42/faces_cfdWM64/objects/results.csv,IU
aa4,VGG2k / AA4,r21vgg2k_vgg16_bn_aa_s42,face_transfer,124,two_shared_ui,CFD WM64,Objects,0.35,0.38,50,within_sampled_range,UU,95.58333333333333,3.8030078202293565,84.79,10.793333333333322,False,runs/yin_noise_matrix_20260926/results/r21vgg2k_vgg16_bn_aa_s42/faces_cfdWM64/objects/results.csv,UU
aa4,VGG2k / AA4,r21vgg2k_vgg16_bn_aa_s42,face_transfer,124,two_shared_ui,CFD WM64,Objects,0.35,0.38,50,within_sampled_range,II,92.41666666666667,4.663416020428788,83.96,8.456666666666678,False,runs/yin_noise_matrix_20260926/results/r21vgg2k_vgg16_bn_aa_s42/faces_cfdWM64/objects/results.csv,II
aa4,VGG2k / AA4,r21vgg2k_vgg16_bn_aa_s42,face_transfer,124,two_shared_ui,CFD WM64,Objects,0.35,0.38,50,within_sampled_range,UI,91.58333333333333,5.551373142220971,86.71,4.873333333333335,False,runs/yin_noise_matrix_20260926/results/r21vgg2k_vgg16_bn_aa_s42/faces_cfdWM64/objects/results.csv,UI_shared
aa4,VGG2k / AA4,r21vgg2k_vgg16_bn_aa_s42,face_transfer,124,two_shared_ui,CFD WM64,Objects,0.35,0.38,50,within_sampled_range,IU,90.33333333333333,5.483948955371916,82.75,7.583333333333329,False,runs/yin_noise_matrix_20260926/results/r21vgg2k_vgg16_bn_aa_s42/faces_cfdWM64/objects/results.csv,IU
aa4,VGG2k / AA4,r21vgg2k_vgg16_bn_aa_s42,face_transfer,124,single_uu,CFD WM64,Houses,0.35,,50,within_sampled_range,UU,70.5,7.889543583705187,90.71,-20.209999999999994,False,runs/yin_single_noise_20260925/results/r21vgg2k_vgg16_bn_aa_s42/faces_cfdWM64/houses_yin64/results.csv,UU
aa4,VGG2k / AA4,r21vgg2k_vgg16_bn_aa_s42,face_transfer,124,single_uu,CFD WM64,Houses,0.35,,50,within_sampled_range,II,73.41666666666666,7.891788694471358,85.75,-12.333333333333343,False,runs/yin_single_noise_20260925/results/r21vgg2k_vgg16_bn_aa_s42/faces_cfdWM64/houses_yin64/results.csv,II
aa4,VGG2k / AA4,r21vgg2k_vgg16_bn_aa_s42,face_transfer,124,single_uu,CFD WM64,Houses,0.35,,50,within_sampled_range,UI,68.16666666666667,9.09604833090146,88.08,-19.913333333333327,False,runs/yin_single_noise_20260925/results/r21vgg2k_vgg16_bn_aa_s42/faces_cfdWM64/houses_yin64/results.csv,UI
aa4,VGG2k / AA4,r21vgg2k_vgg16_bn_aa_s42,face_transfer,124,single_uu,CFD WM64,Houses,0.35,,50,within_sampled_range,IU,64.58333333333333,9.192526911595536,85.71,-21.126666666666665,False,runs/yin_single_noise_20260925/results/r21vgg2k_vgg16_bn_aa_s42/faces_cfdWM64/houses_yin64/results.csv,IU
aa4,VGG2k / AA4,r21vgg2k_vgg16_bn_aa_s42,face_transfer,124,two_cross,CFD WM64,Houses,0.35,0.38,50,within_sampled_range,UU,70.5,7.889543583705187,90.71,-20.209999999999994,False,runs/yin_noise_matrix_20260926/results/r21vgg2k_vgg16_bn_aa_s42/faces_cfdWM64/houses_yin64/results.csv,UU
aa4,VGG2k / AA4,r21vgg2k_vgg16_bn_aa_s42,face_transfer,124,two_cross,CFD WM64,Houses,0.35,0.38,50,within_sampled_range,II,64.66666666666667,8.918248000156211,85.75,-21.08333333333333,False,runs/yin_noise_matrix_20260926/results/r21vgg2k_vgg16_bn_aa_s42/faces_cfdWM64/houses_yin64/results.csv,II
aa4,VGG2k / AA4,r21vgg2k_vgg16_bn_aa_s42,face_transfer,124,two_cross,CFD WM64,Houses,0.35,0.38,50,within_sampled_range,UI,65.66666666666667,9.507426384810195,88.08,-22.413333333333327,False,runs/yin_noise_matrix_20260926/results/r21vgg2k_vgg16_bn_aa_s42/faces_cfdWM64/houses_yin64/results.csv,UI_cross
aa4,VGG2k / AA4,r21vgg2k_vgg16_bn_aa_s42,face_transfer,124,two_cross,CFD WM64,Houses,0.35,0.38,50,within_sampled_range,IU,59.0,8.599491099218191,85.71,-26.709999999999994,False,runs/yin_noise_matrix_20260926/results/r21vgg2k_vgg16_bn_aa_s42/faces_cfdWM64/houses_yin64/results.csv,IU
aa4,VGG2k / AA4,r21vgg2k_vgg16_bn_aa_s42,face_transfer,124,two_shared_ui,CFD WM64,Houses,0.35,0.38,50,within_sampled_range,UU,70.5,7.889543583705187,90.71,-20.209999999999994,False,runs/yin_noise_matrix_20260926/results/r21vgg2k_vgg16_bn_aa_s42/faces_cfdWM64/houses_yin64/results.csv,UU
aa4,VGG2k / AA4,r21vgg2k_vgg16_bn_aa_s42,face_transfer,124,two_shared_ui,CFD WM64,Houses,0.35,0.38,50,within_sampled_range,II,64.66666666666667,8.918248000156211,85.75,-21.08333333333333,False,runs/yin_noise_matrix_20260926/results/r21vgg2k_vgg16_bn_aa_s42/faces_cfdWM64/houses_yin64/results.csv,II
aa4,VGG2k / AA4,r21vgg2k_vgg16_bn_aa_s42,face_transfer,124,two_shared_ui,CFD WM64,Houses,0.35,0.38,50,within_sampled_range,UI,68.16666666666667,9.09604833090146,88.08,-19.913333333333327,False,runs/yin_noise_matrix_20260926/results/r21vgg2k_vgg16_bn_aa_s42/faces_cfdWM64/houses_yin64/results.csv,UI_shared
aa4,VGG2k / AA4,r21vgg2k_vgg16_bn_aa_s42,face_transfer,124,two_shared_ui,CFD WM64,Houses,0.35,0.38,50,within_sampled_range,IU,59.0,8.599491099218191,85.71,-26.709999999999994,False,runs/yin_noise_matrix_20260926/results/r21vgg2k_vgg16_bn_aa_s42/faces_cfdWM64/houses_yin64/results.csv,IU
aa4,VGG2k / AA4,r21vgg2k_vgg16_bn_aa_s42,category_calibration,124,single_uu,Objects,Objects,0.4,,50,within_sampled_range,UU,85.75,7.196721507291689,84.79,0.9599999999999937,True,runs/yin_category_uu_20260926/results/r21vgg2k_vgg16_bn_aa_s42/objects/results.csv,UU
aa4,VGG2k / AA4,r21vgg2k_vgg16_bn_aa_s42,category_calibration,124,single_uu,Objects,Objects,0.4,,50,within_sampled_range,II,86.08333333333333,6.047455003399412,83.96,2.123333333333335,False,runs/yin_category_uu_20260926/results/r21vgg2k_vgg16_bn_aa_s42/objects/results.csv,II
aa4,VGG2k / AA4,r21vgg2k_vgg16_bn_aa_s42,category_calibration,124,single_uu,Objects,Objects,0.4,,50,within_sampled_range,UI,83.25,7.457836889189763,86.71,-3.4599999999999937,False,runs/yin_category_uu_20260926/results/r21vgg2k_vgg16_bn_aa_s42/objects/results.csv,UI
aa4,VGG2k / AA4,r21vgg2k_vgg16_bn_aa_s42,category_calibration,124,single_uu,Objects,Objects,0.4,,50,within_sampled_range,IU,85.5,8.128433340529318,82.75,2.75,False,runs/yin_category_uu_20260926/results/r21vgg2k_vgg16_bn_aa_s42/objects/results.csv,IU
aa4,VGG2k / AA4,r21vgg2k_vgg16_bn_aa_s42,category_calibration,124,single_uu,Houses,Houses,0.16,,50,within_sampled_range,UU,90.58333333333333,5.571759249445981,90.71,-0.12666666666666515,True,runs/yin_category_uu_20260926/results/r21vgg2k_vgg16_bn_aa_s42/houses_yin64/results.csv,UU
aa4,VGG2k / AA4,r21vgg2k_vgg16_bn_aa_s42,category_calibration,124,single_uu,Houses,Houses,0.16,,50,within_sampled_range,II,92.66666666666667,5.805326352493624,85.75,6.916666666666671,False,runs/yin_category_uu_20260926/results/r21vgg2k_vgg16_bn_aa_s42/houses_yin64/results.csv,II
aa4,VGG2k / AA4,r21vgg2k_vgg16_bn_aa_s42,category_calibration,124,single_uu,Houses,Houses,0.16,,50,within_sampled_range,UI,86.41666666666667,6.117356631274249,88.08,-1.663333333333327,False,runs/yin_category_uu_20260926/results/r21vgg2k_vgg16_bn_aa_s42/houses_yin64/results.csv,UI
aa4,VGG2k / AA4,r21vgg2k_vgg16_bn_aa_s42,category_calibration,124,single_uu,Houses,Houses,0.16,,50,within_sampled_range,IU,80.58333333333333,6.333624232488643,85.71,-5.126666666666665,False,runs/yin_category_uu_20260926/results/r21vgg2k_vgg16_bn_aa_s42/houses_yin64/results.csv,IU
aa4,VGG2k / AA4,r21vgg2k_vgg16_bn_aa_s42,snapshot,105,two_cross,RFW WM64,Faces,0.37,0.4,50,within_sampled_range,UU,96.0,3.6654295996049187,96.29,-0.29000000000000625,True,runs/yin_orientation_20260925/results/latest/r21vgg2k_vgg16_bn_aa_s42/faces_rfwWM64/results.csv,UU
aa4,VGG2k / AA4,r21vgg2k_vgg16_bn_aa_s42,snapshot,105,two_cross,RFW WM64,Faces,0.37,0.4,50,within_sampled_range,II,79.0,8.159756899139902,81.88,-2.8799999999999955,True,runs/yin_orientation_20260925/results/latest/r21vgg2k_vgg16_bn_aa_s42/faces_rfwWM64/results.csv,II
aa4,VGG2k / AA4,r21vgg2k_vgg16_bn_aa_s42,snapshot,105,two_cross,RFW WM64,Faces,0.37,0.4,50,within_sampled_range,UI,86.58333333333333,7.157227607773731,84.13,2.453333333333333,False,runs/yin_orientation_20260925/results/latest/r21vgg2k_vgg16_bn_aa_s42/faces_rfwWM64/results.csv,UI
aa4,VGG2k / AA4,r21vgg2k_vgg16_bn_aa_s42,snapshot,105,two_cross,RFW WM64,Faces,0.37,0.4,50,within_sampled_range,IU,81.08333333333333,6.585926898058918,78.58,2.5033333333333303,False,runs/yin_orientation_20260925/results/latest/r21vgg2k_vgg16_bn_aa_s42/faces_rfwWM64/results.csv,IU
aa4,VGG2k / AA4,r21vgg2k_vgg16_bn_aa_s42,snapshot,105,two_cross,CFD WM64,Faces,0.34,0.38,50,within_sampled_range,UU,96.66666666666667,4.0371011804317085,96.29,0.37666666666666515,True,runs/yin_orientation_20260925/results/latest/r21vgg2k_vgg16_bn_aa_s42/faces_cfdWM64/results.csv,UU
aa4,VGG2k / AA4,r21vgg2k_vgg16_bn_aa_s42,snapshot,105,two_cross,CFD WM64,Faces,0.34,0.38,50,within_sampled_range,II,80.66666666666667,7.423074889580905,81.88,-1.213333333333324,True,runs/yin_orientation_20260925/results/latest/r21vgg2k_vgg16_bn_aa_s42/faces_cfdWM64/results.csv,II
aa4,VGG2k / AA4,r21vgg2k_vgg16_bn_aa_s42,snapshot,105,two_cross,CFD WM64,Faces,0.34,0.38,50,within_sampled_range,UI,87.91666666666667,5.27382296031826,84.13,3.786666666666676,False,runs/yin_orientation_20260925/results/latest/r21vgg2k_vgg16_bn_aa_s42/faces_cfdWM64/results.csv,UI
aa4,VGG2k / AA4,r21vgg2k_vgg16_bn_aa_s42,snapshot,105,two_cross,CFD WM64,Faces,0.34,0.38,50,within_sampled_range,IU,86.08333333333333,6.9216746888933045,78.58,7.50333333333333,False,runs/yin_orientation_20260925/results/latest/r21vgg2k_vgg16_bn_aa_s42/faces_cfdWM64/results.csv,IU
bin5,VGG2k / bin5,r21vgg2k_vgg16_bn_aa5_s42,face_transfer,124,single_uu,RFW WM64,Faces,0.37,,50,within_sampled_range,UU,96.75,3.397553141150081,96.29,0.45999999999999375,True,runs/yin_latest_vgg_20260927/single_noise/r21vgg2k_vgg16_bn_aa5_s42/faces_rfwWM64/faces_rfwWM64/results.csv,UU
bin5,VGG2k / bin5,r21vgg2k_vgg16_bn_aa5_s42,face_transfer,124,single_uu,RFW WM64,Faces,0.37,,50,within_sampled_range,II,91.33333333333333,5.246205842031121,81.88,9.453333333333333,False,runs/yin_latest_vgg_20260927/single_noise/r21vgg2k_vgg16_bn_aa5_s42/faces_rfwWM64/faces_rfwWM64/results.csv,II
bin5,VGG2k / bin5,r21vgg2k_vgg16_bn_aa5_s42,face_transfer,124,single_uu,RFW WM64,Faces,0.37,,50,within_sampled_range,UI,91.0,6.80552663236022,84.13,6.8700000000000045,False,runs/yin_latest_vgg_20260927/single_noise/r21vgg2k_vgg16_bn_aa5_s42/faces_rfwWM64/faces_rfwWM64/results.csv,UI
bin5,VGG2k / bin5,r21vgg2k_vgg16_bn_aa5_s42,face_transfer,124,single_uu,RFW WM64,Faces,0.37,,50,within_sampled_range,IU,88.16666666666667,6.319623542850951,78.58,9.586666666666673,False,runs/yin_latest_vgg_20260927/single_noise/r21vgg2k_vgg16_bn_aa5_s42/faces_rfwWM64/faces_rfwWM64/results.csv,IU
bin5,VGG2k / bin5,r21vgg2k_vgg16_bn_aa5_s42,face_transfer,124,two_cross,RFW WM64,Faces,0.37,0.39,50,within_sampled_range,UU,96.75,3.397553141150081,96.29,0.45999999999999375,True,runs/yin_latest_vgg_20260927/transfer/results/r21vgg2k_vgg16_bn_aa5_s42/faces_rfwWM64/faces_rfwWM64/results.csv,UU
bin5,VGG2k / bin5,r21vgg2k_vgg16_bn_aa5_s42,face_transfer,124,two_cross,RFW WM64,Faces,0.37,0.39,50,within_sampled_range,II,82.75,7.434997983277324,81.88,0.8700000000000045,True,runs/yin_latest_vgg_20260927/transfer/results/r21vgg2k_vgg16_bn_aa5_s42/faces_rfwWM64/faces_rfwWM64/results.csv,II
bin5,VGG2k / bin5,r21vgg2k_vgg16_bn_aa5_s42,face_transfer,124,two_cross,RFW WM64,Faces,0.37,0.39,50,within_sampled_range,UI,87.5,7.142857142857143,84.13,3.3700000000000045,False,runs/yin_latest_vgg_20260927/transfer/results/r21vgg2k_vgg16_bn_aa5_s42/faces_rfwWM64/faces_rfwWM64/results.csv,UI_cross
bin5,VGG2k / bin5,r21vgg2k_vgg16_bn_aa5_s42,face_transfer,124,two_cross,RFW WM64,Faces,0.37,0.39,50,within_sampled_range,IU,83.16666666666667,7.620907511085344,78.58,4.586666666666673,False,runs/yin_latest_vgg_20260927/transfer/results/r21vgg2k_vgg16_bn_aa5_s42/faces_rfwWM64/faces_rfwWM64/results.csv,IU
bin5,VGG2k / bin5,r21vgg2k_vgg16_bn_aa5_s42,face_transfer,124,two_shared_ui,RFW WM64,Faces,0.37,0.39,50,within_sampled_range,UU,96.75,3.397553141150081,96.29,0.45999999999999375,True,runs/yin_latest_vgg_20260927/transfer/results/r21vgg2k_vgg16_bn_aa5_s42/faces_rfwWM64/faces_rfwWM64/results.csv,UU
bin5,VGG2k / bin5,r21vgg2k_vgg16_bn_aa5_s42,face_transfer,124,two_shared_ui,RFW WM64,Faces,0.37,0.39,50,within_sampled_range,II,82.75,7.434997983277324,81.88,0.8700000000000045,True,runs/yin_latest_vgg_20260927/transfer/results/r21vgg2k_vgg16_bn_aa5_s42/faces_rfwWM64/faces_rfwWM64/results.csv,II
bin5,VGG2k / bin5,r21vgg2k_vgg16_bn_aa5_s42,face_transfer,124,two_shared_ui,RFW WM64,Faces,0.37,0.39,50,within_sampled_range,UI,91.0,6.80552663236022,84.13,6.8700000000000045,False,runs/yin_latest_vgg_20260927/transfer/results/r21vgg2k_vgg16_bn_aa5_s42/faces_rfwWM64/faces_rfwWM64/results.csv,UI_shared
bin5,VGG2k / bin5,r21vgg2k_vgg16_bn_aa5_s42,face_transfer,124,two_shared_ui,RFW WM64,Faces,0.37,0.39,50,within_sampled_range,IU,83.16666666666667,7.620907511085344,78.58,4.586666666666673,False,runs/yin_latest_vgg_20260927/transfer/results/r21vgg2k_vgg16_bn_aa5_s42/faces_rfwWM64/faces_rfwWM64/results.csv,IU
bin5,VGG2k / bin5,r21vgg2k_vgg16_bn_aa5_s42,face_transfer,124,single_uu,RFW WM64,Objects,0.37,,50,within_sampled_range,UU,95.33333333333333,4.262503283325754,84.79,10.543333333333322,False,runs/yin_latest_vgg_20260927/single_noise/r21vgg2k_vgg16_bn_aa5_s42/faces_rfwWM64/objects/results.csv,UU
bin5,VGG2k / bin5,r21vgg2k_vgg16_bn_aa5_s42,face_transfer,124,single_uu,RFW WM64,Objects,0.37,,50,within_sampled_range,II,91.83333333333333,4.905570899532506,83.96,7.873333333333335,False,runs/yin_latest_vgg_20260927/single_noise/r21vgg2k_vgg16_bn_aa5_s42/faces_rfwWM64/objects/results.csv,II
bin5,VGG2k / bin5,r21vgg2k_vgg16_bn_aa5_s42,face_transfer,124,single_uu,RFW WM64,Objects,0.37,,50,within_sampled_range,UI,88.41666666666667,6.315697787952874,86.71,1.7066666666666777,False,runs/yin_latest_vgg_20260927/single_noise/r21vgg2k_vgg16_bn_aa5_s42/faces_rfwWM64/objects/results.csv,UI
bin5,VGG2k / bin5,r21vgg2k_vgg16_bn_aa5_s42,face_transfer,124,single_uu,RFW WM64,Objects,0.37,,50,within_sampled_range,IU,91.5,5.644414091014143,82.75,8.75,False,runs/yin_latest_vgg_20260927/single_noise/r21vgg2k_vgg16_bn_aa5_s42/faces_rfwWM64/objects/results.csv,IU
bin5,VGG2k / bin5,r21vgg2k_vgg16_bn_aa5_s42,face_transfer,124,two_cross,RFW WM64,Objects,0.37,0.39,50,within_sampled_range,UU,95.33333333333333,4.262503283325754,84.79,10.543333333333322,False,runs/yin_latest_vgg_20260927/transfer/results/r21vgg2k_vgg16_bn_aa5_s42/faces_rfwWM64/objects/results.csv,UU
bin5,VGG2k / bin5,r21vgg2k_vgg16_bn_aa5_s42,face_transfer,124,two_cross,RFW WM64,Objects,0.37,0.39,50,within_sampled_range,II,86.58333333333333,5.343235917309585,83.96,2.623333333333335,False,runs/yin_latest_vgg_20260927/transfer/results/r21vgg2k_vgg16_bn_aa5_s42/faces_rfwWM64/objects/results.csv,II
bin5,VGG2k / bin5,r21vgg2k_vgg16_bn_aa5_s42,face_transfer,124,two_cross,RFW WM64,Objects,0.37,0.39,50,within_sampled_range,UI,88.08333333333333,5.9529761607172595,86.71,1.3733333333333348,False,runs/yin_latest_vgg_20260927/transfer/results/r21vgg2k_vgg16_bn_aa5_s42/faces_rfwWM64/objects/results.csv,UI_cross
bin5,VGG2k / bin5,r21vgg2k_vgg16_bn_aa5_s42,face_transfer,124,two_cross,RFW WM64,Objects,0.37,0.39,50,within_sampled_range,IU,89.66666666666667,5.205526454541774,82.75,6.916666666666671,False,runs/yin_latest_vgg_20260927/transfer/results/r21vgg2k_vgg16_bn_aa5_s42/faces_rfwWM64/objects/results.csv,IU
bin5,VGG2k / bin5,r21vgg2k_vgg16_bn_aa5_s42,face_transfer,124,two_shared_ui,RFW WM64,Objects,0.37,0.39,50,within_sampled_range,UU,95.33333333333333,4.262503283325754,84.79,10.543333333333322,False,runs/yin_latest_vgg_20260927/transfer/results/r21vgg2k_vgg16_bn_aa5_s42/faces_rfwWM64/objects/results.csv,UU
bin5,VGG2k / bin5,r21vgg2k_vgg16_bn_aa5_s42,face_transfer,124,two_shared_ui,RFW WM64,Objects,0.37,0.39,50,within_sampled_range,II,86.58333333333333,5.343235917309585,83.96,2.623333333333335,False,runs/yin_latest_vgg_20260927/transfer/results/r21vgg2k_vgg16_bn_aa5_s42/faces_rfwWM64/objects/results.csv,II
bin5,VGG2k / bin5,r21vgg2k_vgg16_bn_aa5_s42,face_transfer,124,two_shared_ui,RFW WM64,Objects,0.37,0.39,50,within_sampled_range,UI,88.41666666666667,6.315697787952874,86.71,1.7066666666666777,False,runs/yin_latest_vgg_20260927/transfer/results/r21vgg2k_vgg16_bn_aa5_s42/faces_rfwWM64/objects/results.csv,UI_shared
bin5,VGG2k / bin5,r21vgg2k_vgg16_bn_aa5_s42,face_transfer,124,two_shared_ui,RFW WM64,Objects,0.37,0.39,50,within_sampled_range,IU,89.66666666666667,5.205526454541774,82.75,6.916666666666671,False,runs/yin_latest_vgg_20260927/transfer/results/r21vgg2k_vgg16_bn_aa5_s42/faces_rfwWM64/objects/results.csv,IU
bin5,VGG2k / bin5,r21vgg2k_vgg16_bn_aa5_s42,face_transfer,124,single_uu,RFW WM64,Houses,0.37,,50,within_sampled_range,UU,68.58333333333333,8.716123277504865,90.71,-22.126666666666665,False,runs/yin_latest_vgg_20260927/single_noise/r21vgg2k_vgg16_bn_aa5_s42/faces_rfwWM64/houses_yin64/results.csv,UU
bin5,VGG2k / bin5,r21vgg2k_vgg16_bn_aa5_s42,face_transfer,124,single_uu,RFW WM64,Houses,0.37,,50,within_sampled_range,II,72.0,8.163229875206556,85.75,-13.75,False,runs/yin_latest_vgg_20260927/single_noise/r21vgg2k_vgg16_bn_aa5_s42/faces_rfwWM64/houses_yin64/results.csv,II
bin5,VGG2k / bin5,r21vgg2k_vgg16_bn_aa5_s42,face_transfer,124,single_uu,RFW WM64,Houses,0.37,,50,within_sampled_range,UI,69.91666666666667,8.555292350988617,88.08,-18.163333333333327,False,runs/yin_latest_vgg_20260927/single_noise/r21vgg2k_vgg16_bn_aa5_s42/faces_rfwWM64/houses_yin64/results.csv,UI
bin5,VGG2k / bin5,r21vgg2k_vgg16_bn_aa5_s42,face_transfer,124,single_uu,RFW WM64,Houses,0.37,,50,within_sampled_range,IU,68.25,9.369660232890977,85.71,-17.459999999999994,False,runs/yin_latest_vgg_20260927/single_noise/r21vgg2k_vgg16_bn_aa5_s42/faces_rfwWM64/houses_yin64/results.csv,IU
bin5,VGG2k / bin5,r21vgg2k_vgg16_bn_aa5_s42,face_transfer,124,two_cross,RFW WM64,Houses,0.37,0.39,50,within_sampled_range,UU,68.58333333333333,8.716123277504865,90.71,-22.126666666666665,False,runs/yin_latest_vgg_20260927/transfer/results/r21vgg2k_vgg16_bn_aa5_s42/faces_rfwWM64/houses_yin64/results.csv,UU
bin5,VGG2k / bin5,r21vgg2k_vgg16_bn_aa5_s42,face_transfer,124,two_cross,RFW WM64,Houses,0.37,0.39,50,within_sampled_range,II,65.66666666666667,9.801024982263225,85.75,-20.08333333333333,False,runs/yin_latest_vgg_20260927/transfer/results/r21vgg2k_vgg16_bn_aa5_s42/faces_rfwWM64/houses_yin64/results.csv,II
bin5,VGG2k / bin5,r21vgg2k_vgg16_bn_aa5_s42,face_transfer,124,two_cross,RFW WM64,Houses,0.37,0.39,50,within_sampled_range,UI,67.25,8.33375849255574,88.08,-20.83,False,runs/yin_latest_vgg_20260927/transfer/results/r21vgg2k_vgg16_bn_aa5_s42/faces_rfwWM64/houses_yin64/results.csv,UI_cross
bin5,VGG2k / bin5,r21vgg2k_vgg16_bn_aa5_s42,face_transfer,124,two_cross,RFW WM64,Houses,0.37,0.39,50,within_sampled_range,IU,66.41666666666667,8.13584005644385,85.71,-19.293333333333322,False,runs/yin_latest_vgg_20260927/transfer/results/r21vgg2k_vgg16_bn_aa5_s42/faces_rfwWM64/houses_yin64/results.csv,IU
bin5,VGG2k / bin5,r21vgg2k_vgg16_bn_aa5_s42,face_transfer,124,two_shared_ui,RFW WM64,Houses,0.37,0.39,50,within_sampled_range,UU,68.58333333333333,8.716123277504865,90.71,-22.126666666666665,False,runs/yin_latest_vgg_20260927/transfer/results/r21vgg2k_vgg16_bn_aa5_s42/faces_rfwWM64/houses_yin64/results.csv,UU
bin5,VGG2k / bin5,r21vgg2k_vgg16_bn_aa5_s42,face_transfer,124,two_shared_ui,RFW WM64,Houses,0.37,0.39,50,within_sampled_range,II,65.66666666666667,9.801024982263225,85.75,-20.08333333333333,False,runs/yin_latest_vgg_20260927/transfer/results/r21vgg2k_vgg16_bn_aa5_s42/faces_rfwWM64/houses_yin64/results.csv,II
bin5,VGG2k / bin5,r21vgg2k_vgg16_bn_aa5_s42,face_transfer,124,two_shared_ui,RFW WM64,Houses,0.37,0.39,50,within_sampled_range,UI,69.91666666666667,8.555292350988617,88.08,-18.163333333333327,False,runs/yin_latest_vgg_20260927/transfer/results/r21vgg2k_vgg16_bn_aa5_s42/faces_rfwWM64/houses_yin64/results.csv,UI_shared
bin5,VGG2k / bin5,r21vgg2k_vgg16_bn_aa5_s42,face_transfer,124,two_shared_ui,RFW WM64,Houses,0.37,0.39,50,within_sampled_range,IU,66.41666666666667,8.13584005644385,85.71,-19.293333333333322,False,runs/yin_latest_vgg_20260927/transfer/results/r21vgg2k_vgg16_bn_aa5_s42/faces_rfwWM64/houses_yin64/results.csv,IU
bin5,VGG2k / bin5,r21vgg2k_vgg16_bn_aa5_s42,face_transfer,124,single_uu,CFD WM64,Faces,0.36,,50,within_sampled_range,UU,96.58333333333334,3.5405410376102506,96.29,0.29333333333333655,True,runs/yin_latest_vgg_20260927/single_noise/r21vgg2k_vgg16_bn_aa5_s42/faces_cfdWM64/faces_cfdWM64/results.csv,UU
bin5,VGG2k / bin5,r21vgg2k_vgg16_bn_aa5_s42,face_transfer,124,single_uu,CFD WM64,Faces,0.36,,50,within_sampled_range,II,90.75,4.9293477649436666,81.88,8.870000000000005,False,runs/yin_latest_vgg_20260927/single_noise/r21vgg2k_vgg16_bn_aa5_s42/faces_cfdWM64/faces_cfdWM64/results.csv,II
bin5,VGG2k / bin5,r21vgg2k_vgg16_bn_aa5_s42,face_transfer,124,single_uu,CFD WM64,Faces,0.36,,50,within_sampled_range,UI,90.33333333333333,5.918953759360027,84.13,6.203333333333333,False,runs/yin_latest_vgg_20260927/single_noise/r21vgg2k_vgg16_bn_aa5_s42/faces_cfdWM64/faces_cfdWM64/results.csv,UI
bin5,VGG2k / bin5,r21vgg2k_vgg16_bn_aa5_s42,face_transfer,124,single_uu,CFD WM64,Faces,0.36,,50,within_sampled_range,IU,88.5,7.071067811865478,78.58,9.920000000000002,False,runs/yin_latest_vgg_20260927/single_noise/r21vgg2k_vgg16_bn_aa5_s42/faces_cfdWM64/faces_cfdWM64/results.csv,IU
bin5,VGG2k / bin5,r21vgg2k_vgg16_bn_aa5_s42,face_transfer,124,two_cross,CFD WM64,Faces,0.36,0.38,50,within_sampled_range,UU,96.58333333333334,3.5405410376102506,96.29,0.29333333333333655,True,runs/yin_latest_vgg_20260927/transfer/results/r21vgg2k_vgg16_bn_aa5_s42/faces_cfdWM64/faces_cfdWM64/results.csv,UU
bin5,VGG2k / bin5,r21vgg2k_vgg16_bn_aa5_s42,face_transfer,124,two_cross,CFD WM64,Faces,0.36,0.38,50,within_sampled_range,II,82.33333333333333,7.170581117321712,81.88,0.45333333333333314,True,runs/yin_latest_vgg_20260927/transfer/results/r21vgg2k_vgg16_bn_aa5_s42/faces_cfdWM64/faces_cfdWM64/results.csv,II
bin5,VGG2k / bin5,r21vgg2k_vgg16_bn_aa5_s42,face_transfer,124,two_cross,CFD WM64,Faces,0.36,0.38,50,within_sampled_range,UI,87.41666666666667,6.098794535363566,84.13,3.286666666666676,False,runs/yin_latest_vgg_20260927/transfer/results/r21vgg2k_vgg16_bn_aa5_s42/faces_cfdWM64/faces_cfdWM64/results.csv,UI_cross
bin5,VGG2k / bin5,r21vgg2k_vgg16_bn_aa5_s42,face_transfer,124,two_cross,CFD WM64,Faces,0.36,0.38,50,within_sampled_range,IU,85.16666666666667,6.898601521166867,78.58,6.586666666666673,False,runs/yin_latest_vgg_20260927/transfer/results/r21vgg2k_vgg16_bn_aa5_s42/faces_cfdWM64/faces_cfdWM64/results.csv,IU
bin5,VGG2k / bin5,r21vgg2k_vgg16_bn_aa5_s42,face_transfer,124,two_shared_ui,CFD WM64,Faces,0.36,0.38,50,within_sampled_range,UU,96.58333333333334,3.5405410376102506,96.29,0.29333333333333655,True,runs/yin_latest_vgg_20260927/transfer/results/r21vgg2k_vgg16_bn_aa5_s42/faces_cfdWM64/faces_cfdWM64/results.csv,UU
bin5,VGG2k / bin5,r21vgg2k_vgg16_bn_aa5_s42,face_transfer,124,two_shared_ui,CFD WM64,Faces,0.36,0.38,50,within_sampled_range,II,82.33333333333333,7.170581117321712,81.88,0.45333333333333314,True,runs/yin_latest_vgg_20260927/transfer/results/r21vgg2k_vgg16_bn_aa5_s42/faces_cfdWM64/faces_cfdWM64/results.csv,II
bin5,VGG2k / bin5,r21vgg2k_vgg16_bn_aa5_s42,face_transfer,124,two_shared_ui,CFD WM64,Faces,0.36,0.38,50,within_sampled_range,UI,90.33333333333333,5.918953759360027,84.13,6.203333333333333,False,runs/yin_latest_vgg_20260927/transfer/results/r21vgg2k_vgg16_bn_aa5_s42/faces_cfdWM64/faces_cfdWM64/results.csv,UI_shared
bin5,VGG2k / bin5,r21vgg2k_vgg16_bn_aa5_s42,face_transfer,124,two_shared_ui,CFD WM64,Faces,0.36,0.38,50,within_sampled_range,IU,85.16666666666667,6.898601521166867,78.58,6.586666666666673,False,runs/yin_latest_vgg_20260927/transfer/results/r21vgg2k_vgg16_bn_aa5_s42/faces_cfdWM64/faces_cfdWM64/results.csv,IU
bin5,VGG2k / bin5,r21vgg2k_vgg16_bn_aa5_s42,face_transfer,124,single_uu,CFD WM64,Objects,0.36,,50,within_sampled_range,UU,95.5,4.5206756062017925,84.79,10.709999999999994,False,runs/yin_latest_vgg_20260927/single_noise/r21vgg2k_vgg16_bn_aa5_s42/faces_cfdWM64/objects/results.csv,UU
bin5,VGG2k / bin5,r21vgg2k_vgg16_bn_aa5_s42,face_transfer,124,single_uu,CFD WM64,Objects,0.36,,50,within_sampled_range,II,92.41666666666667,4.663416020428785,83.96,8.456666666666678,False,runs/yin_latest_vgg_20260927/single_noise/r21vgg2k_vgg16_bn_aa5_s42/faces_cfdWM64/objects/results.csv,II
bin5,VGG2k / bin5,r21vgg2k_vgg16_bn_aa5_s42,face_transfer,124,single_uu,CFD WM64,Objects,0.36,,50,within_sampled_range,UI,89.91666666666667,6.133552384434955,86.71,3.2066666666666777,False,runs/yin_latest_vgg_20260927/single_noise/r21vgg2k_vgg16_bn_aa5_s42/faces_cfdWM64/objects/results.csv,UI
bin5,VGG2k / bin5,r21vgg2k_vgg16_bn_aa5_s42,face_transfer,124,single_uu,CFD WM64,Objects,0.36,,50,within_sampled_range,IU,93.25,4.524592664042833,82.75,10.5,False,runs/yin_latest_vgg_20260927/single_noise/r21vgg2k_vgg16_bn_aa5_s42/faces_cfdWM64/objects/results.csv,IU
bin5,VGG2k / bin5,r21vgg2k_vgg16_bn_aa5_s42,face_transfer,124,two_cross,CFD WM64,Objects,0.36,0.38,50,within_sampled_range,UU,95.5,4.5206756062017925,84.79,10.709999999999994,False,runs/yin_latest_vgg_20260927/transfer/results/r21vgg2k_vgg16_bn_aa5_s42/faces_cfdWM64/objects/results.csv,UU
bin5,VGG2k / bin5,r21vgg2k_vgg16_bn_aa5_s42,face_transfer,124,two_cross,CFD WM64,Objects,0.36,0.38,50,within_sampled_range,II,88.83333333333333,5.483948955371914,83.96,4.873333333333335,False,runs/yin_latest_vgg_20260927/transfer/results/r21vgg2k_vgg16_bn_aa5_s42/faces_cfdWM64/objects/results.csv,II
bin5,VGG2k / bin5,r21vgg2k_vgg16_bn_aa5_s42,face_transfer,124,two_cross,CFD WM64,Objects,0.36,0.38,50,within_sampled_range,UI,89.0,6.1721339984836785,86.71,2.2900000000000063,False,runs/yin_latest_vgg_20260927/transfer/results/r21vgg2k_vgg16_bn_aa5_s42/faces_cfdWM64/objects/results.csv,UI_cross
bin5,VGG2k / bin5,r21vgg2k_vgg16_bn_aa5_s42,face_transfer,124,two_cross,CFD WM64,Objects,0.36,0.38,50,within_sampled_range,IU,90.83333333333333,5.189165408976992,82.75,8.083333333333329,False,runs/yin_latest_vgg_20260927/transfer/results/r21vgg2k_vgg16_bn_aa5_s42/faces_cfdWM64/objects/results.csv,IU
bin5,VGG2k / bin5,r21vgg2k_vgg16_bn_aa5_s42,face_transfer,124,two_shared_ui,CFD WM64,Objects,0.36,0.38,50,within_sampled_range,UU,95.5,4.5206756062017925,84.79,10.709999999999994,False,runs/yin_latest_vgg_20260927/transfer/results/r21vgg2k_vgg16_bn_aa5_s42/faces_cfdWM64/objects/results.csv,UU
bin5,VGG2k / bin5,r21vgg2k_vgg16_bn_aa5_s42,face_transfer,124,two_shared_ui,CFD WM64,Objects,0.36,0.38,50,within_sampled_range,II,88.83333333333333,5.483948955371914,83.96,4.873333333333335,False,runs/yin_latest_vgg_20260927/transfer/results/r21vgg2k_vgg16_bn_aa5_s42/faces_cfdWM64/objects/results.csv,II
bin5,VGG2k / bin5,r21vgg2k_vgg16_bn_aa5_s42,face_transfer,124,two_shared_ui,CFD WM64,Objects,0.36,0.38,50,within_sampled_range,UI,89.91666666666667,6.133552384434955,86.71,3.2066666666666777,False,runs/yin_latest_vgg_20260927/transfer/results/r21vgg2k_vgg16_bn_aa5_s42/faces_cfdWM64/objects/results.csv,UI_shared
bin5,VGG2k / bin5,r21vgg2k_vgg16_bn_aa5_s42,face_transfer,124,two_shared_ui,CFD WM64,Objects,0.36,0.38,50,within_sampled_range,IU,90.83333333333333,5.189165408976992,82.75,8.083333333333329,False,runs/yin_latest_vgg_20260927/transfer/results/r21vgg2k_vgg16_bn_aa5_s42/faces_cfdWM64/objects/results.csv,IU
bin5,VGG2k / bin5,r21vgg2k_vgg16_bn_aa5_s42,face_transfer,124,single_uu,CFD WM64,Houses,0.36,,50,within_sampled_range,UU,71.58333333333333,8.148024676107024,90.71,-19.126666666666665,False,runs/yin_latest_vgg_20260927/single_noise/r21vgg2k_vgg16_bn_aa5_s42/faces_cfdWM64/houses_yin64/results.csv,UU
bin5,VGG2k / bin5,r21vgg2k_vgg16_bn_aa5_s42,face_transfer,124,single_uu,CFD WM64,Houses,0.36,,50,within_sampled_range,II,74.83333333333333,7.140872740223248,85.75,-10.916666666666671,False,runs/yin_latest_vgg_20260927/single_noise/r21vgg2k_vgg16_bn_aa5_s42/faces_cfdWM64/houses_yin64/results.csv,II
bin5,VGG2k / bin5,r21vgg2k_vgg16_bn_aa5_s42,face_transfer,124,single_uu,CFD WM64,Houses,0.36,,50,within_sampled_range,UI,69.41666666666667,7.604618032452461,88.08,-18.663333333333327,False,runs/yin_latest_vgg_20260927/single_noise/r21vgg2k_vgg16_bn_aa5_s42/faces_cfdWM64/houses_yin64/results.csv,UI
bin5,VGG2k / bin5,r21vgg2k_vgg16_bn_aa5_s42,face_transfer,124,single_uu,CFD WM64,Houses,0.36,,50,within_sampled_range,IU,70.41666666666667,9.533105582170812,85.71,-15.293333333333322,False,runs/yin_latest_vgg_20260927/single_noise/r21vgg2k_vgg16_bn_aa5_s42/faces_cfdWM64/houses_yin64/results.csv,IU
bin5,VGG2k / bin5,r21vgg2k_vgg16_bn_aa5_s42,face_transfer,124,two_cross,CFD WM64,Houses,0.36,0.38,50,within_sampled_range,UU,71.58333333333333,8.148024676107024,90.71,-19.126666666666665,False,runs/yin_latest_vgg_20260927/transfer/results/r21vgg2k_vgg16_bn_aa5_s42/faces_cfdWM64/houses_yin64/results.csv,UU
bin5,VGG2k / bin5,r21vgg2k_vgg16_bn_aa5_s42,face_transfer,124,two_cross,CFD WM64,Houses,0.36,0.38,50,within_sampled_range,II,68.91666666666667,8.12712557230582,85.75,-16.83333333333333,False,runs/yin_latest_vgg_20260927/transfer/results/r21vgg2k_vgg16_bn_aa5_s42/faces_cfdWM64/houses_yin64/results.csv,II
bin5,VGG2k / bin5,r21vgg2k_vgg16_bn_aa5_s42,face_transfer,124,two_cross,CFD WM64,Houses,0.36,0.38,50,within_sampled_range,UI,69.58333333333333,8.215579608239443,88.08,-18.49666666666667,False,runs/yin_latest_vgg_20260927/transfer/results/r21vgg2k_vgg16_bn_aa5_s42/faces_cfdWM64/houses_yin64/results.csv,UI_cross
bin5,VGG2k / bin5,r21vgg2k_vgg16_bn_aa5_s42,face_transfer,124,two_cross,CFD WM64,Houses,0.36,0.38,50,within_sampled_range,IU,68.41666666666667,8.832418769238286,85.71,-17.293333333333322,False,runs/yin_latest_vgg_20260927/transfer/results/r21vgg2k_vgg16_bn_aa5_s42/faces_cfdWM64/houses_yin64/results.csv,IU
bin5,VGG2k / bin5,r21vgg2k_vgg16_bn_aa5_s42,face_transfer,124,two_shared_ui,CFD WM64,Houses,0.36,0.38,50,within_sampled_range,UU,71.58333333333333,8.148024676107024,90.71,-19.126666666666665,False,runs/yin_latest_vgg_20260927/transfer/results/r21vgg2k_vgg16_bn_aa5_s42/faces_cfdWM64/houses_yin64/results.csv,UU
bin5,VGG2k / bin5,r21vgg2k_vgg16_bn_aa5_s42,face_transfer,124,two_shared_ui,CFD WM64,Houses,0.36,0.38,50,within_sampled_range,II,68.91666666666667,8.12712557230582,85.75,-16.83333333333333,False,runs/yin_latest_vgg_20260927/transfer/results/r21vgg2k_vgg16_bn_aa5_s42/faces_cfdWM64/houses_yin64/results.csv,II
bin5,VGG2k / bin5,r21vgg2k_vgg16_bn_aa5_s42,face_transfer,124,two_shared_ui,CFD WM64,Houses,0.36,0.38,50,within_sampled_range,UI,69.41666666666667,7.604618032452461,88.08,-18.663333333333327,False,runs/yin_latest_vgg_20260927/transfer/results/r21vgg2k_vgg16_bn_aa5_s42/faces_cfdWM64/houses_yin64/results.csv,UI_shared
bin5,VGG2k / bin5,r21vgg2k_vgg16_bn_aa5_s42,face_transfer,124,two_shared_ui,CFD WM64,Houses,0.36,0.38,50,within_sampled_range,IU,68.41666666666667,8.832418769238286,85.71,-17.293333333333322,False,runs/yin_latest_vgg_20260927/transfer/results/r21vgg2k_vgg16_bn_aa5_s42/faces_cfdWM64/houses_yin64/results.csv,IU
mixed,Mixed faces / AA4,r21dev_vgg16_bn_aa_s42,face_transfer,124,single_uu,RFW WM64,Faces,0.36,,50,within_sampled_range,UU,95.66666666666667,3.7608497616503156,96.29,-0.6233333333333348,True,runs/yin_single_noise_20260925/results/r21dev_vgg16_bn_aa_s42/faces_rfwWM64/faces_rfwWM64/results.csv,UU
mixed,Mixed faces / AA4,r21dev_vgg16_bn_aa_s42,face_transfer,124,single_uu,RFW WM64,Faces,0.36,,50,within_sampled_range,II,90.25,6.389320206282725,81.88,8.370000000000005,False,runs/yin_single_noise_20260925/results/r21dev_vgg16_bn_aa_s42/faces_rfwWM64/faces_rfwWM64/results.csv,II
mixed,Mixed faces / AA4,r21dev_vgg16_bn_aa_s42,face_transfer,124,single_uu,RFW WM64,Faces,0.36,,50,within_sampled_range,UI,87.66666666666667,6.4637485526182035,84.13,3.536666666666676,False,runs/yin_single_noise_20260925/results/r21dev_vgg16_bn_aa_s42/faces_rfwWM64/faces_rfwWM64/results.csv,UI
mixed,Mixed faces / AA4,r21dev_vgg16_bn_aa_s42,face_transfer,124,single_uu,RFW WM64,Faces,0.36,,50,within_sampled_range,IU,87.33333333333333,6.2406392486100755,78.58,8.75333333333333,False,runs/yin_single_noise_20260925/results/r21dev_vgg16_bn_aa_s42/faces_rfwWM64/faces_rfwWM64/results.csv,IU
mixed,Mixed faces / AA4,r21dev_vgg16_bn_aa_s42,face_transfer,124,two_cross,RFW WM64,Faces,0.36,0.38,50,within_sampled_range,UU,95.66666666666667,3.7608497616503156,96.29,-0.6233333333333348,True,runs/yin_noise_matrix_20260926/results/r21dev_vgg16_bn_aa_s42/faces_rfwWM64/faces_rfwWM64/results.csv,UU
mixed,Mixed faces / AA4,r21dev_vgg16_bn_aa_s42,face_transfer,124,two_cross,RFW WM64,Faces,0.36,0.38,50,within_sampled_range,II,83.66666666666667,7.978855276245734,81.88,1.786666666666676,True,runs/yin_noise_matrix_20260926/results/r21dev_vgg16_bn_aa_s42/faces_rfwWM64/faces_rfwWM64/results.csv,II
mixed,Mixed faces / AA4,r21dev_vgg16_bn_aa_s42,face_transfer,124,two_cross,RFW WM64,Faces,0.36,0.38,50,within_sampled_range,UI,85.91666666666667,7.087583758758338,84.13,1.786666666666676,False,runs/yin_noise_matrix_20260926/results/r21dev_vgg16_bn_aa_s42/faces_rfwWM64/faces_rfwWM64/results.csv,UI_cross
mixed,Mixed faces / AA4,r21dev_vgg16_bn_aa_s42,face_transfer,124,two_cross,RFW WM64,Faces,0.36,0.38,50,within_sampled_range,IU,83.25,6.966574715403985,78.58,4.670000000000002,False,runs/yin_noise_matrix_20260926/results/r21dev_vgg16_bn_aa_s42/faces_rfwWM64/faces_rfwWM64/results.csv,IU
mixed,Mixed faces / AA4,r21dev_vgg16_bn_aa_s42,face_transfer,124,two_shared_ui,RFW WM64,Faces,0.36,0.38,50,within_sampled_range,UU,95.66666666666667,3.7608497616503156,96.29,-0.6233333333333348,True,runs/yin_noise_matrix_20260926/results/r21dev_vgg16_bn_aa_s42/faces_rfwWM64/faces_rfwWM64/results.csv,UU
mixed,Mixed faces / AA4,r21dev_vgg16_bn_aa_s42,face_transfer,124,two_shared_ui,RFW WM64,Faces,0.36,0.38,50,within_sampled_range,II,83.66666666666667,7.978855276245734,81.88,1.786666666666676,True,runs/yin_noise_matrix_20260926/results/r21dev_vgg16_bn_aa_s42/faces_rfwWM64/faces_rfwWM64/results.csv,II
mixed,Mixed faces / AA4,r21dev_vgg16_bn_aa_s42,face_transfer,124,two_shared_ui,RFW WM64,Faces,0.36,0.38,50,within_sampled_range,UI,87.66666666666667,6.4637485526182035,84.13,3.536666666666676,False,runs/yin_noise_matrix_20260926/results/r21dev_vgg16_bn_aa_s42/faces_rfwWM64/faces_rfwWM64/results.csv,UI_shared
mixed,Mixed faces / AA4,r21dev_vgg16_bn_aa_s42,face_transfer,124,two_shared_ui,RFW WM64,Faces,0.36,0.38,50,within_sampled_range,IU,83.25,6.966574715403985,78.58,4.670000000000002,False,runs/yin_noise_matrix_20260926/results/r21dev_vgg16_bn_aa_s42/faces_rfwWM64/faces_rfwWM64/results.csv,IU
mixed,Mixed faces / AA4,r21dev_vgg16_bn_aa_s42,face_transfer,124,single_uu,RFW WM64,Objects,0.36,,50,within_sampled_range,UU,96.16666666666667,4.110161071817161,84.79,11.376666666666665,False,runs/yin_single_noise_20260925/results/r21dev_vgg16_bn_aa_s42/faces_rfwWM64/objects/results.csv,UU
mixed,Mixed faces / AA4,r21dev_vgg16_bn_aa_s42,face_transfer,124,single_uu,RFW WM64,Objects,0.36,,50,within_sampled_range,II,95.5,3.9339789623472172,83.96,11.540000000000006,False,runs/yin_single_noise_20260925/results/r21dev_vgg16_bn_aa_s42/faces_rfwWM64/objects/results.csv,II
mixed,Mixed faces / AA4,r21dev_vgg16_bn_aa_s42,face_transfer,124,single_uu,RFW WM64,Objects,0.36,,50,within_sampled_range,UI,93.0,4.794531087048161,86.71,6.290000000000006,False,runs/yin_single_noise_20260925/results/r21dev_vgg16_bn_aa_s42/faces_rfwWM64/objects/results.csv,UI
mixed,Mixed faces / AA4,r21dev_vgg16_bn_aa_s42,face_transfer,124,single_uu,RFW WM64,Objects,0.36,,50,within_sampled_range,IU,94.75,4.276610701591922,82.75,12.0,False,runs/yin_single_noise_20260925/results/r21dev_vgg16_bn_aa_s42/faces_rfwWM64/objects/results.csv,IU
mixed,Mixed faces / AA4,r21dev_vgg16_bn_aa_s42,face_transfer,124,two_cross,RFW WM64,Objects,0.36,0.38,50,within_sampled_range,UU,96.16666666666667,4.110161071817161,84.79,11.376666666666665,False,runs/yin_noise_matrix_20260926/results/r21dev_vgg16_bn_aa_s42/faces_rfwWM64/objects/results.csv,UU
mixed,Mixed faces / AA4,r21dev_vgg16_bn_aa_s42,face_transfer,124,two_cross,RFW WM64,Objects,0.36,0.38,50,within_sampled_range,II,92.75,4.27661070159192,83.96,8.790000000000006,False,runs/yin_noise_matrix_20260926/results/r21dev_vgg16_bn_aa_s42/faces_rfwWM64/objects/results.csv,II
mixed,Mixed faces / AA4,r21dev_vgg16_bn_aa_s42,face_transfer,124,two_cross,RFW WM64,Objects,0.36,0.38,50,within_sampled_range,UI,92.0,5.761216015506125,86.71,5.290000000000006,False,runs/yin_noise_matrix_20260926/results/r21dev_vgg16_bn_aa_s42/faces_rfwWM64/objects/results.csv,UI_cross
mixed,Mixed faces / AA4,r21dev_vgg16_bn_aa_s42,face_transfer,124,two_cross,RFW WM64,Objects,0.36,0.38,50,within_sampled_range,IU,93.0,4.867868642919259,82.75,10.25,False,runs/yin_noise_matrix_20260926/results/r21dev_vgg16_bn_aa_s42/faces_rfwWM64/objects/results.csv,IU
mixed,Mixed faces / AA4,r21dev_vgg16_bn_aa_s42,face_transfer,124,two_shared_ui,RFW WM64,Objects,0.36,0.38,50,within_sampled_range,UU,96.16666666666667,4.110161071817161,84.79,11.376666666666665,False,runs/yin_noise_matrix_20260926/results/r21dev_vgg16_bn_aa_s42/faces_rfwWM64/objects/results.csv,UU
mixed,Mixed faces / AA4,r21dev_vgg16_bn_aa_s42,face_transfer,124,two_shared_ui,RFW WM64,Objects,0.36,0.38,50,within_sampled_range,II,92.75,4.27661070159192,83.96,8.790000000000006,False,runs/yin_noise_matrix_20260926/results/r21dev_vgg16_bn_aa_s42/faces_rfwWM64/objects/results.csv,II
mixed,Mixed faces / AA4,r21dev_vgg16_bn_aa_s42,face_transfer,124,two_shared_ui,RFW WM64,Objects,0.36,0.38,50,within_sampled_range,UI,93.0,4.794531087048161,86.71,6.290000000000006,False,runs/yin_noise_matrix_20260926/results/r21dev_vgg16_bn_aa_s42/faces_rfwWM64/objects/results.csv,UI_shared
mixed,Mixed faces / AA4,r21dev_vgg16_bn_aa_s42,face_transfer,124,two_shared_ui,RFW WM64,Objects,0.36,0.38,50,within_sampled_range,IU,93.0,4.867868642919259,82.75,10.25,False,runs/yin_noise_matrix_20260926/results/r21dev_vgg16_bn_aa_s42/faces_rfwWM64/objects/results.csv,IU
mixed,Mixed faces / AA4,r21dev_vgg16_bn_aa_s42,face_transfer,124,single_uu,RFW WM64,Houses,0.36,,50,within_sampled_range,UU,70.83333333333333,8.908708063747481,90.71,-19.876666666666665,False,runs/yin_single_noise_20260925/results/r21dev_vgg16_bn_aa_s42/faces_rfwWM64/houses_yin64/results.csv,UU
mixed,Mixed faces / AA4,r21dev_vgg16_bn_aa_s42,face_transfer,124,single_uu,RFW WM64,Houses,0.36,,50,within_sampled_range,II,68.16666666666667,9.173621356813562,85.75,-17.58333333333333,False,runs/yin_single_noise_20260925/results/r21dev_vgg16_bn_aa_s42/faces_rfwWM64/houses_yin64/results.csv,II
mixed,Mixed faces / AA4,r21dev_vgg16_bn_aa_s42,face_transfer,124,single_uu,RFW WM64,Houses,0.36,,50,within_sampled_range,UI,63.416666666666664,8.800268626079347,88.08,-24.663333333333334,False,runs/yin_single_noise_20260925/results/r21dev_vgg16_bn_aa_s42/faces_rfwWM64/houses_yin64/results.csv,UI
mixed,Mixed faces / AA4,r21dev_vgg16_bn_aa_s42,face_transfer,124,single_uu,RFW WM64,Houses,0.36,,50,within_sampled_range,IU,65.0,8.987898137227083,85.71,-20.709999999999994,False,runs/yin_single_noise_20260925/results/r21dev_vgg16_bn_aa_s42/faces_rfwWM64/houses_yin64/results.csv,IU
mixed,Mixed faces / AA4,r21dev_vgg16_bn_aa_s42,face_transfer,124,two_cross,RFW WM64,Houses,0.36,0.38,50,within_sampled_range,UU,70.83333333333333,8.908708063747481,90.71,-19.876666666666665,False,runs/yin_noise_matrix_20260926/results/r21dev_vgg16_bn_aa_s42/faces_rfwWM64/houses_yin64/results.csv,UU
mixed,Mixed faces / AA4,r21dev_vgg16_bn_aa_s42,face_transfer,124,two_cross,RFW WM64,Houses,0.36,0.38,50,within_sampled_range,II,63.333333333333336,9.924602381269683,85.75,-22.416666666666664,False,runs/yin_noise_matrix_20260926/results/r21dev_vgg16_bn_aa_s42/faces_rfwWM64/houses_yin64/results.csv,II
mixed,Mixed faces / AA4,r21dev_vgg16_bn_aa_s42,face_transfer,124,two_cross,RFW WM64,Houses,0.36,0.38,50,within_sampled_range,UI,61.25,8.758297005691762,88.08,-26.83,False,runs/yin_noise_matrix_20260926/results/r21dev_vgg16_bn_aa_s42/faces_rfwWM64/houses_yin64/results.csv,UI_cross
mixed,Mixed faces / AA4,r21dev_vgg16_bn_aa_s42,face_transfer,124,two_cross,RFW WM64,Houses,0.36,0.38,50,within_sampled_range,IU,63.0,9.36020185064442,85.71,-22.709999999999994,False,runs/yin_noise_matrix_20260926/results/r21dev_vgg16_bn_aa_s42/faces_rfwWM64/houses_yin64/results.csv,IU
mixed,Mixed faces / AA4,r21dev_vgg16_bn_aa_s42,face_transfer,124,two_shared_ui,RFW WM64,Houses,0.36,0.38,50,within_sampled_range,UU,70.83333333333333,8.908708063747481,90.71,-19.876666666666665,False,runs/yin_noise_matrix_20260926/results/r21dev_vgg16_bn_aa_s42/faces_rfwWM64/houses_yin64/results.csv,UU
mixed,Mixed faces / AA4,r21dev_vgg16_bn_aa_s42,face_transfer,124,two_shared_ui,RFW WM64,Houses,0.36,0.38,50,within_sampled_range,II,63.333333333333336,9.924602381269683,85.75,-22.416666666666664,False,runs/yin_noise_matrix_20260926/results/r21dev_vgg16_bn_aa_s42/faces_rfwWM64/houses_yin64/results.csv,II
mixed,Mixed faces / AA4,r21dev_vgg16_bn_aa_s42,face_transfer,124,two_shared_ui,RFW WM64,Houses,0.36,0.38,50,within_sampled_range,UI,63.416666666666664,8.800268626079347,88.08,-24.663333333333334,False,runs/yin_noise_matrix_20260926/results/r21dev_vgg16_bn_aa_s42/faces_rfwWM64/houses_yin64/results.csv,UI_shared
mixed,Mixed faces / AA4,r21dev_vgg16_bn_aa_s42,face_transfer,124,two_shared_ui,RFW WM64,Houses,0.36,0.38,50,within_sampled_range,IU,63.0,9.36020185064442,85.71,-22.709999999999994,False,runs/yin_noise_matrix_20260926/results/r21dev_vgg16_bn_aa_s42/faces_rfwWM64/houses_yin64/results.csv,IU
mixed,Mixed faces / AA4,r21dev_vgg16_bn_aa_s42,face_transfer,124,single_uu,CFD WM64,Faces,0.28,,50,within_sampled_range,UU,96.16666666666667,3.749527559053244,96.29,-0.12333333333333485,True,runs/yin_single_noise_20260925/results/r21dev_vgg16_bn_aa_s42/faces_cfdWM64/faces_cfdWM64/results.csv,UU
mixed,Mixed faces / AA4,r21dev_vgg16_bn_aa_s42,face_transfer,124,single_uu,CFD WM64,Faces,0.28,,50,within_sampled_range,II,89.91666666666667,7.0975747191152605,81.88,8.036666666666676,False,runs/yin_single_noise_20260925/results/r21dev_vgg16_bn_aa_s42/faces_cfdWM64/faces_cfdWM64/results.csv,II
mixed,Mixed faces / AA4,r21dev_vgg16_bn_aa_s42,face_transfer,124,single_uu,CFD WM64,Faces,0.28,,50,within_sampled_range,UI,88.16666666666667,6.593991630536301,84.13,4.036666666666676,False,runs/yin_single_noise_20260925/results/r21dev_vgg16_bn_aa_s42/faces_cfdWM64/faces_cfdWM64/results.csv,UI
mixed,Mixed faces / AA4,r21dev_vgg16_bn_aa_s42,face_transfer,124,single_uu,CFD WM64,Faces,0.28,,50,within_sampled_range,IU,86.66666666666667,7.4345214266647615,78.58,8.086666666666673,False,runs/yin_single_noise_20260925/results/r21dev_vgg16_bn_aa_s42/faces_cfdWM64/faces_cfdWM64/results.csv,IU
mixed,Mixed faces / AA4,r21dev_vgg16_bn_aa_s42,face_transfer,124,two_cross,CFD WM64,Faces,0.28,0.33,50,within_sampled_range,UU,96.16666666666667,3.749527559053244,96.29,-0.12333333333333485,True,runs/yin_noise_matrix_20260926/results/r21dev_vgg16_bn_aa_s42/faces_cfdWM64/faces_cfdWM64/results.csv,UU
mixed,Mixed faces / AA4,r21dev_vgg16_bn_aa_s42,face_transfer,124,two_cross,CFD WM64,Faces,0.28,0.33,50,within_sampled_range,II,82.83333333333333,7.925389036711067,81.88,0.9533333333333331,True,runs/yin_noise_matrix_20260926/results/r21dev_vgg16_bn_aa_s42/faces_cfdWM64/faces_cfdWM64/results.csv,II
mixed,Mixed faces / AA4,r21dev_vgg16_bn_aa_s42,face_transfer,124,two_cross,CFD WM64,Faces,0.28,0.33,50,within_sampled_range,UI,87.08333333333333,7.005120414249894,84.13,2.953333333333333,False,runs/yin_noise_matrix_20260926/results/r21dev_vgg16_bn_aa_s42/faces_cfdWM64/faces_cfdWM64/results.csv,UI_cross
mixed,Mixed faces / AA4,r21dev_vgg16_bn_aa_s42,face_transfer,124,two_cross,CFD WM64,Faces,0.28,0.33,50,within_sampled_range,IU,83.33333333333333,8.584645893961879,78.58,4.75333333333333,False,runs/yin_noise_matrix_20260926/results/r21dev_vgg16_bn_aa_s42/faces_cfdWM64/faces_cfdWM64/results.csv,IU
mixed,Mixed faces / AA4,r21dev_vgg16_bn_aa_s42,face_transfer,124,two_shared_ui,CFD WM64,Faces,0.28,0.33,50,within_sampled_range,UU,96.16666666666667,3.749527559053244,96.29,-0.12333333333333485,True,runs/yin_noise_matrix_20260926/results/r21dev_vgg16_bn_aa_s42/faces_cfdWM64/faces_cfdWM64/results.csv,UU
mixed,Mixed faces / AA4,r21dev_vgg16_bn_aa_s42,face_transfer,124,two_shared_ui,CFD WM64,Faces,0.28,0.33,50,within_sampled_range,II,82.83333333333333,7.925389036711067,81.88,0.9533333333333331,True,runs/yin_noise_matrix_20260926/results/r21dev_vgg16_bn_aa_s42/faces_cfdWM64/faces_cfdWM64/results.csv,II
mixed,Mixed faces / AA4,r21dev_vgg16_bn_aa_s42,face_transfer,124,two_shared_ui,CFD WM64,Faces,0.28,0.33,50,within_sampled_range,UI,88.16666666666667,6.593991630536301,84.13,4.036666666666676,False,runs/yin_noise_matrix_20260926/results/r21dev_vgg16_bn_aa_s42/faces_cfdWM64/faces_cfdWM64/results.csv,UI_shared
mixed,Mixed faces / AA4,r21dev_vgg16_bn_aa_s42,face_transfer,124,two_shared_ui,CFD WM64,Faces,0.28,0.33,50,within_sampled_range,IU,83.33333333333333,8.584645893961879,78.58,4.75333333333333,False,runs/yin_noise_matrix_20260926/results/r21dev_vgg16_bn_aa_s42/faces_cfdWM64/faces_cfdWM64/results.csv,IU
mixed,Mixed faces / AA4,r21dev_vgg16_bn_aa_s42,face_transfer,124,single_uu,CFD WM64,Objects,0.28,,50,within_sampled_range,UU,98.33333333333334,2.3809523809523787,84.79,13.543333333333337,False,runs/yin_single_noise_20260925/results/r21dev_vgg16_bn_aa_s42/faces_cfdWM64/objects/results.csv,UU
mixed,Mixed faces / AA4,r21dev_vgg16_bn_aa_s42,face_transfer,124,single_uu,CFD WM64,Objects,0.28,,50,within_sampled_range,II,99.0,1.7975796274454126,83.96,15.040000000000006,False,runs/yin_single_noise_20260925/results/r21dev_vgg16_bn_aa_s42/faces_cfdWM64/objects/results.csv,II
mixed,Mixed faces / AA4,r21dev_vgg16_bn_aa_s42,face_transfer,124,single_uu,CFD WM64,Objects,0.28,,50,within_sampled_range,UI,95.75,3.619713284645424,86.71,9.040000000000006,False,runs/yin_single_noise_20260925/results/r21dev_vgg16_bn_aa_s42/faces_cfdWM64/objects/results.csv,UI
mixed,Mixed faces / AA4,r21dev_vgg16_bn_aa_s42,face_transfer,124,single_uu,CFD WM64,Objects,0.28,,50,within_sampled_range,IU,98.0,2.693740118805895,82.75,15.25,False,runs/yin_single_noise_20260925/results/r21dev_vgg16_bn_aa_s42/faces_cfdWM64/objects/results.csv,IU
mixed,Mixed faces / AA4,r21dev_vgg16_bn_aa_s42,face_transfer,124,two_cross,CFD WM64,Objects,0.28,0.33,50,within_sampled_range,UU,98.33333333333334,2.3809523809523787,84.79,13.543333333333337,False,runs/yin_noise_matrix_20260926/results/r21dev_vgg16_bn_aa_s42/faces_cfdWM64/objects/results.csv,UU
mixed,Mixed faces / AA4,r21dev_vgg16_bn_aa_s42,face_transfer,124,two_cross,CFD WM64,Objects,0.28,0.33,50,within_sampled_range,II,98.08333333333333,2.6897913161178573,83.96,14.123333333333335,False,runs/yin_noise_matrix_20260926/results/r21dev_vgg16_bn_aa_s42/faces_cfdWM64/objects/results.csv,II
mixed,Mixed faces / AA4,r21dev_vgg16_bn_aa_s42,face_transfer,124,two_cross,CFD WM64,Objects,0.28,0.33,50,within_sampled_range,UI,95.5,3.6538117269578136,86.71,8.790000000000006,False,runs/yin_noise_matrix_20260926/results/r21dev_vgg16_bn_aa_s42/faces_cfdWM64/objects/results.csv,UI_cross
mixed,Mixed faces / AA4,r21dev_vgg16_bn_aa_s42,face_transfer,124,two_cross,CFD WM64,Objects,0.28,0.33,50,within_sampled_range,IU,97.16666666666667,3.198816391082002,82.75,14.416666666666671,False,runs/yin_noise_matrix_20260926/results/r21dev_vgg16_bn_aa_s42/faces_cfdWM64/objects/results.csv,IU
mixed,Mixed faces / AA4,r21dev_vgg16_bn_aa_s42,face_transfer,124,two_shared_ui,CFD WM64,Objects,0.28,0.33,50,within_sampled_range,UU,98.33333333333334,2.3809523809523787,84.79,13.543333333333337,False,runs/yin_noise_matrix_20260926/results/r21dev_vgg16_bn_aa_s42/faces_cfdWM64/objects/results.csv,UU
mixed,Mixed faces / AA4,r21dev_vgg16_bn_aa_s42,face_transfer,124,two_shared_ui,CFD WM64,Objects,0.28,0.33,50,within_sampled_range,II,98.08333333333333,2.6897913161178573,83.96,14.123333333333335,False,runs/yin_noise_matrix_20260926/results/r21dev_vgg16_bn_aa_s42/faces_cfdWM64/objects/results.csv,II
mixed,Mixed faces / AA4,r21dev_vgg16_bn_aa_s42,face_transfer,124,two_shared_ui,CFD WM64,Objects,0.28,0.33,50,within_sampled_range,UI,95.75,3.619713284645424,86.71,9.040000000000006,False,runs/yin_noise_matrix_20260926/results/r21dev_vgg16_bn_aa_s42/faces_cfdWM64/objects/results.csv,UI_shared
mixed,Mixed faces / AA4,r21dev_vgg16_bn_aa_s42,face_transfer,124,two_shared_ui,CFD WM64,Objects,0.28,0.33,50,within_sampled_range,IU,97.16666666666667,3.198816391082002,82.75,14.416666666666671,False,runs/yin_noise_matrix_20260926/results/r21dev_vgg16_bn_aa_s42/faces_cfdWM64/objects/results.csv,IU
mixed,Mixed faces / AA4,r21dev_vgg16_bn_aa_s42,face_transfer,124,single_uu,CFD WM64,Houses,0.28,,50,within_sampled_range,UU,79.91666666666667,7.226200282412739,90.71,-10.793333333333322,False,runs/yin_single_noise_20260925/results/r21dev_vgg16_bn_aa_s42/faces_cfdWM64/houses_yin64/results.csv,UU
mixed,Mixed faces / AA4,r21dev_vgg16_bn_aa_s42,face_transfer,124,single_uu,CFD WM64,Houses,0.28,,50,within_sampled_range,II,78.41666666666667,6.611699415505647,85.75,-7.333333333333329,False,runs/yin_single_noise_20260925/results/r21dev_vgg16_bn_aa_s42/faces_cfdWM64/houses_yin64/results.csv,II
mixed,Mixed faces / AA4,r21dev_vgg16_bn_aa_s42,face_transfer,124,single_uu,CFD WM64,Houses,0.28,,50,within_sampled_range,UI,73.16666666666667,7.442142670517994,88.08,-14.913333333333327,False,runs/yin_single_noise_20260925/results/r21dev_vgg16_bn_aa_s42/faces_cfdWM64/houses_yin64/results.csv,UI
mixed,Mixed faces / AA4,r21dev_vgg16_bn_aa_s42,face_transfer,124,single_uu,CFD WM64,Houses,0.28,,50,within_sampled_range,IU,72.66666666666667,8.549906843321656,85.71,-13.043333333333322,False,runs/yin_single_noise_20260925/results/r21dev_vgg16_bn_aa_s42/faces_cfdWM64/houses_yin64/results.csv,IU
mixed,Mixed faces / AA4,r21dev_vgg16_bn_aa_s42,face_transfer,124,two_cross,CFD WM64,Houses,0.28,0.33,50,within_sampled_range,UU,79.91666666666667,7.226200282412739,90.71,-10.793333333333322,False,runs/yin_noise_matrix_20260926/results/r21dev_vgg16_bn_aa_s42/faces_cfdWM64/houses_yin64/results.csv,UU
mixed,Mixed faces / AA4,r21dev_vgg16_bn_aa_s42,face_transfer,124,two_cross,CFD WM64,Houses,0.28,0.33,50,within_sampled_range,II,73.91666666666667,6.618126862987982,85.75,-11.833333333333329,False,runs/yin_noise_matrix_20260926/results/r21dev_vgg16_bn_aa_s42/faces_cfdWM64/houses_yin64/results.csv,II
mixed,Mixed faces / AA4,r21dev_vgg16_bn_aa_s42,face_transfer,124,two_cross,CFD WM64,Houses,0.28,0.33,50,within_sampled_range,UI,72.5,7.529232524210429,88.08,-15.579999999999998,False,runs/yin_noise_matrix_20260926/results/r21dev_vgg16_bn_aa_s42/faces_cfdWM64/houses_yin64/results.csv,UI_cross
mixed,Mixed faces / AA4,r21dev_vgg16_bn_aa_s42,face_transfer,124,two_cross,CFD WM64,Houses,0.28,0.33,50,within_sampled_range,IU,70.91666666666667,7.457836889189763,85.71,-14.793333333333322,False,runs/yin_noise_matrix_20260926/results/r21dev_vgg16_bn_aa_s42/faces_cfdWM64/houses_yin64/results.csv,IU
mixed,Mixed faces / AA4,r21dev_vgg16_bn_aa_s42,face_transfer,124,two_shared_ui,CFD WM64,Houses,0.28,0.33,50,within_sampled_range,UU,79.91666666666667,7.226200282412739,90.71,-10.793333333333322,False,runs/yin_noise_matrix_20260926/results/r21dev_vgg16_bn_aa_s42/faces_cfdWM64/houses_yin64/results.csv,UU
mixed,Mixed faces / AA4,r21dev_vgg16_bn_aa_s42,face_transfer,124,two_shared_ui,CFD WM64,Houses,0.28,0.33,50,within_sampled_range,II,73.91666666666667,6.618126862987982,85.75,-11.833333333333329,False,runs/yin_noise_matrix_20260926/results/r21dev_vgg16_bn_aa_s42/faces_cfdWM64/houses_yin64/results.csv,II
mixed,Mixed faces / AA4,r21dev_vgg16_bn_aa_s42,face_transfer,124,two_shared_ui,CFD WM64,Houses,0.28,0.33,50,within_sampled_range,UI,73.16666666666667,7.442142670517994,88.08,-14.913333333333327,False,runs/yin_noise_matrix_20260926/results/r21dev_vgg16_bn_aa_s42/faces_cfdWM64/houses_yin64/results.csv,UI_shared
mixed,Mixed faces / AA4,r21dev_vgg16_bn_aa_s42,face_transfer,124,two_shared_ui,CFD WM64,Houses,0.28,0.33,50,within_sampled_range,IU,70.91666666666667,7.457836889189763,85.71,-14.793333333333322,False,runs/yin_noise_matrix_20260926/results/r21dev_vgg16_bn_aa_s42/faces_cfdWM64/houses_yin64/results.csv,IU
mixed,Mixed faces / AA4,r21dev_vgg16_bn_aa_s42,category_calibration,124,single_uu,Objects,Objects,0.41,,50,within_sampled_range,UU,85.08333333333333,6.843426261252273,84.79,0.29333333333332234,True,runs/yin_category_uu_20260926/results/r21dev_vgg16_bn_aa_s42/objects/results.csv,UU
mixed,Mixed faces / AA4,r21dev_vgg16_bn_aa_s42,category_calibration,124,single_uu,Objects,Objects,0.41,,50,within_sampled_range,II,81.25,7.204594307684645,83.96,-2.7099999999999937,False,runs/yin_category_uu_20260926/results/r21dev_vgg16_bn_aa_s42/objects/results.csv,II
mixed,Mixed faces / AA4,r21dev_vgg16_bn_aa_s42,category_calibration,124,single_uu,Objects,Objects,0.41,,50,within_sampled_range,UI,80.66666666666667,7.1804565952382005,86.71,-6.043333333333322,False,runs/yin_category_uu_20260926/results/r21dev_vgg16_bn_aa_s42/objects/results.csv,UI
mixed,Mixed faces / AA4,r21dev_vgg16_bn_aa_s42,category_calibration,124,single_uu,Objects,Objects,0.41,,50,within_sampled_range,IU,81.91666666666667,9.471957058683381,82.75,-0.8333333333333286,False,runs/yin_category_uu_20260926/results/r21dev_vgg16_bn_aa_s42/objects/results.csv,IU
mixed,Mixed faces / AA4,r21dev_vgg16_bn_aa_s42,category_calibration,124,single_uu,Houses,Houses,0.02,,50,target_outside_sampled_range,UU,87.25,5.482010364977739,90.71,-3.4599999999999937,True,runs/yin_category_uu_20260926/results/r21dev_vgg16_bn_aa_s42/houses_yin64/results.csv,UU
mixed,Mixed faces / AA4,r21dev_vgg16_bn_aa_s42,category_calibration,124,single_uu,Houses,Houses,0.02,,50,target_outside_sampled_range,II,84.66666666666667,5.548181046538593,85.75,-1.0833333333333286,False,runs/yin_category_uu_20260926/results/r21dev_vgg16_bn_aa_s42/houses_yin64/results.csv,II
mixed,Mixed faces / AA4,r21dev_vgg16_bn_aa_s42,category_calibration,124,single_uu,Houses,Houses,0.02,,50,target_outside_sampled_range,UI,76.58333333333333,6.514526763849859,88.08,-11.49666666666667,False,runs/yin_category_uu_20260926/results/r21dev_vgg16_bn_aa_s42/houses_yin64/results.csv,UI
mixed,Mixed faces / AA4,r21dev_vgg16_bn_aa_s42,category_calibration,124,single_uu,Houses,Houses,0.02,,50,target_outside_sampled_range,IU,78.41666666666667,5.993311653877084,85.71,-7.293333333333322,False,runs/yin_category_uu_20260926/results/r21dev_vgg16_bn_aa_s42/houses_yin64/results.csv,IU
mixed,Mixed faces / AA4,r21dev_vgg16_bn_aa_s42,snapshot,111,two_cross,RFW WM64,Faces,0.36,0.39,50,within_sampled_range,UU,96.33333333333333,3.5355339059327395,96.29,0.043333333333322344,True,runs/yin_orientation_20260925/results/latest/r21dev_vgg16_bn_aa_s42/faces_rfwWM64/results.csv,UU
mixed,Mixed faces / AA4,r21dev_vgg16_bn_aa_s42,snapshot,111,two_cross,RFW WM64,Faces,0.36,0.39,50,within_sampled_range,II,80.0,9.027232671489942,81.88,-1.8799999999999955,True,runs/yin_orientation_20260925/results/latest/r21dev_vgg16_bn_aa_s42/faces_rfwWM64/results.csv,II
mixed,Mixed faces / AA4,r21dev_vgg16_bn_aa_s42,snapshot,111,two_cross,RFW WM64,Faces,0.36,0.39,50,within_sampled_range,UI,84.58333333333333,7.493856138103674,84.13,0.45333333333333314,False,runs/yin_orientation_20260925/results/latest/r21dev_vgg16_bn_aa_s42/faces_rfwWM64/results.csv,UI
mixed,Mixed faces / AA4,r21dev_vgg16_bn_aa_s42,snapshot,111,two_cross,RFW WM64,Faces,0.36,0.39,50,within_sampled_range,IU,80.83333333333333,7.33858809877259,78.58,2.2533333333333303,False,runs/yin_orientation_20260925/results/latest/r21dev_vgg16_bn_aa_s42/faces_rfwWM64/results.csv,IU
mixed,Mixed faces / AA4,r21dev_vgg16_bn_aa_s42,snapshot,111,two_cross,CFD WM64,Faces,0.3,0.35,50,within_sampled_range,UU,96.16666666666667,3.749527559053245,96.29,-0.12333333333333485,True,runs/yin_orientation_20260925/results/latest/r21dev_vgg16_bn_aa_s42/faces_cfdWM64/results.csv,UU
mixed,Mixed faces / AA4,r21dev_vgg16_bn_aa_s42,snapshot,111,two_cross,CFD WM64,Faces,0.3,0.35,50,within_sampled_range,II,81.16666666666667,8.997354108424375,81.88,-0.713333333333324,True,runs/yin_orientation_20260925/results/latest/r21dev_vgg16_bn_aa_s42/faces_cfdWM64/results.csv,II
mixed,Mixed faces / AA4,r21dev_vgg16_bn_aa_s42,snapshot,111,two_cross,CFD WM64,Faces,0.3,0.35,50,within_sampled_range,UI,86.58333333333333,6.3715504650593635,84.13,2.453333333333333,False,runs/yin_orientation_20260925/results/latest/r21dev_vgg16_bn_aa_s42/faces_cfdWM64/results.csv,UI
mixed,Mixed faces / AA4,r21dev_vgg16_bn_aa_s42,snapshot,111,two_cross,CFD WM64,Faces,0.3,0.35,50,within_sampled_range,IU,81.58333333333333,9.108893389183462,78.58,3.0033333333333303,False,runs/yin_orientation_20260925/results/latest/r21dev_vgg16_bn_aa_s42/faces_cfdWM64/results.csv,IU
