model,model_name,model_tag,scope,epoch,protocol,calibrated_on,category,p1,p2,n_seeds,calibration_status,UU_mean_pct,II_mean_pct,UI_mean_pct,IU_mean_pct,UU_sd_pct,II_sd_pct,UI_sd_pct,IU_sd_pct,mae_pp,face_UI_IU_mae_pp,IU_minus_II_pp
noaa,VGG2k / no AA,r21vgg2k_vgg16_bn_s42,face_transfer,124,single_uu,RFW WM64,Faces,0.37,,50,within_sampled_range,96.66666666666667,90.75,91.0,90.08333333333333,4.208968935634212,5.343235917309585,6.319623542850952,5.3166458746101455,6.905000000000001,9.186666666666667,-0.6666666666666714
noaa,VGG2k / no AA,r21vgg2k_vgg16_bn_s42,face_transfer,124,two_cross,RFW WM64,Faces,0.37,0.39,50,within_sampled_range,96.66666666666667,82.75,87.16666666666667,85.58333333333333,4.208968935634212,8.626230235309183,8.110979093759916,6.5319075564899585,2.821666666666669,5.020000000000003,2.8333333333333286
noaa,VGG2k / no AA,r21vgg2k_vgg16_bn_s42,face_transfer,124,two_shared_ui,RFW WM64,Faces,0.37,0.39,50,within_sampled_range,96.66666666666667,82.75,91.0,85.58333333333333,4.208968935634212,8.626230235309183,6.319623542850952,6.5319075564899585,3.780000000000001,6.936666666666667,2.8333333333333286
noaa,VGG2k / no AA,r21vgg2k_vgg16_bn_s42,face_transfer,124,single_uu,RFW WM64,Objects,0.37,,50,within_sampled_range,93.16666666666667,92.83333333333333,90.16666666666667,90.75,5.1037978833871485,4.982964175346752,5.240800167394081,5.6650908172997525,7.176666666666669,5.728333333333339,-2.0833333333333286
noaa,VGG2k / no AA,r21vgg2k_vgg16_bn_s42,face_transfer,124,two_cross,RFW WM64,Objects,0.37,0.39,50,within_sampled_range,93.16666666666667,89.0,87.58333333333333,89.0,5.1037978833871485,5.6318457964356545,5.981476508730082,6.229274024738633,5.135000000000002,3.5616666666666674,0.0
noaa,VGG2k / no AA,r21vgg2k_vgg16_bn_s42,face_transfer,124,two_shared_ui,RFW WM64,Objects,0.37,0.39,50,within_sampled_range,93.16666666666667,89.0,90.16666666666667,89.0,5.1037978833871485,5.6318457964356545,5.240800167394081,6.229274024738633,5.780833333333337,4.853333333333339,0.0
noaa,VGG2k / no AA,r21vgg2k_vgg16_bn_s42,face_transfer,124,single_uu,RFW WM64,Houses,0.37,,50,within_sampled_range,69.41666666666667,72.16666666666667,70.25,68.0,8.012974880773637,8.394334554192474,8.161927682359325,7.213932098830057,17.60416666666666,17.769999999999996,-4.166666666666671
noaa,VGG2k / no AA,r21vgg2k_vgg16_bn_s42,face_transfer,124,two_cross,RFW WM64,Houses,0.37,0.39,50,within_sampled_range,69.41666666666667,63.583333333333336,68.33333333333333,66.5,8.012974880773637,8.82117954792782,8.375742428256125,8.665162088132307,20.604166666666664,19.47833333333333,2.9166666666666643
noaa,VGG2k / no AA,r21vgg2k_vgg16_bn_s42,face_transfer,124,two_shared_ui,RFW WM64,Houses,0.37,0.39,50,within_sampled_range,69.41666666666667,63.583333333333336,70.25,66.5,8.012974880773637,8.82117954792782,8.161927682359325,8.665162088132307,20.124999999999993,18.519999999999996,2.9166666666666643
noaa,VGG2k / no AA,r21vgg2k_vgg16_bn_s42,face_transfer,124,single_uu,CFD WM64,Faces,0.36,,50,within_sampled_range,96.08333333333333,89.58333333333333,90.58333333333333,90.25,3.8030078202293556,4.854019770922646,5.881121069491224,4.732797948067671,6.508333333333336,9.061666666666667,0.6666666666666714
noaa,VGG2k / no AA,r21vgg2k_vgg16_bn_s42,face_transfer,124,two_cross,CFD WM64,Faces,0.36,0.38,50,within_sampled_range,96.08333333333333,81.25,88.33333333333333,86.58333333333333,3.8030078202293556,7.253605718424965,6.786758482732966,5.788824364959147,3.260833333333334,6.103333333333332,5.333333333333329
noaa,VGG2k / no AA,r21vgg2k_vgg16_bn_s42,face_transfer,124,two_shared_ui,CFD WM64,Faces,0.36,0.38,50,within_sampled_range,96.08333333333333,81.25,90.58333333333333,86.58333333333333,3.8030078202293556,7.253605718424965,5.881121069491224,5.788824364959147,3.823333333333334,7.228333333333332,5.333333333333329
noaa,VGG2k / no AA,r21vgg2k_vgg16_bn_s42,face_transfer,124,single_uu,CFD WM64,Objects,0.36,,50,within_sampled_range,94.66666666666667,94.0,91.75,92.75,4.040610178208846,4.545686450484951,5.222514706915203,4.43921531952002,8.73916666666667,7.520000000000003,-1.25
noaa,VGG2k / no AA,r21vgg2k_vgg16_bn_s42,face_transfer,124,two_cross,CFD WM64,Objects,0.36,0.38,50,within_sampled_range,94.66666666666667,91.08333333333333,90.33333333333333,90.25,4.040610178208846,5.3246368298330475,5.858787999697279,5.747053864191098,7.030833333333334,5.561666666666667,-0.8333333333333286
noaa,VGG2k / no AA,r21vgg2k_vgg16_bn_s42,face_transfer,124,two_shared_ui,CFD WM64,Objects,0.36,0.38,50,within_sampled_range,94.66666666666667,91.08333333333333,91.75,90.25,4.040610178208846,5.3246368298330475,5.222514706915203,5.747053864191098,7.385000000000002,6.270000000000003,-0.8333333333333286
noaa,VGG2k / no AA,r21vgg2k_vgg16_bn_s42,face_transfer,124,single_uu,CFD WM64,Houses,0.36,,50,within_sampled_range,71.58333333333333,75.5,70.66666666666667,70.83333333333333,7.467332483676397,6.7153832267478375,7.14087274022325,7.093080528460111,15.416666666666664,16.144999999999996,-4.666666666666671
noaa,VGG2k / no AA,r21vgg2k_vgg16_bn_s42,face_transfer,124,two_cross,CFD WM64,Houses,0.36,0.38,50,within_sampled_range,71.58333333333333,67.91666666666667,69.66666666666667,67.33333333333333,7.467332483676397,8.758297005691764,8.249579113843055,7.639481527206879,18.437499999999996,18.394999999999996,-0.5833333333333428
noaa,VGG2k / no AA,r21vgg2k_vgg16_bn_s42,face_transfer,124,two_shared_ui,CFD WM64,Houses,0.36,0.38,50,within_sampled_range,71.58333333333333,67.91666666666667,70.66666666666667,67.33333333333333,7.467332483676397,8.758297005691764,7.14087274022325,7.639481527206879,18.187499999999996,17.894999999999996,-0.5833333333333428
aa4,VGG2k / AA4,r21vgg2k_vgg16_bn_aa_s42,face_transfer,124,single_uu,RFW WM64,Faces,0.37,,50,within_sampled_range,96.58333333333334,91.66666666666667,91.33333333333333,90.5,3.439013529917689,4.610694459770736,4.520675606201793,5.458044469689358,7.300833333333337,9.561666666666667,-1.1666666666666714
aa4,VGG2k / AA4,r21vgg2k_vgg16_bn_aa_s42,face_transfer,124,two_cross,RFW WM64,Faces,0.37,0.4,50,within_sampled_range,96.58333333333334,80.66666666666667,85.58333333333333,82.75,3.439013529917689,8.899157900490836,6.952319797513157,7.1433531573810445,1.7824999999999989,2.8116666666666674,2.0833333333333286
aa4,VGG2k / AA4,r21vgg2k_vgg16_bn_aa_s42,face_transfer,124,two_shared_ui,RFW WM64,Faces,0.37,0.4,50,within_sampled_range,96.58333333333334,80.66666666666667,91.33333333333333,82.75,3.439013529917689,8.899157900490836,4.520675606201793,7.1433531573810445,3.219999999999999,5.686666666666667,2.0833333333333286
aa4,VGG2k / AA4,r21vgg2k_vgg16_bn_aa_s42,face_transfer,124,single_uu,RFW WM64,Objects,0.37,,50,within_sampled_range,93.16666666666667,93.91666666666667,88.83333333333333,90.66666666666667,5.033898693301426,4.391066224168573,5.0815347548602485,5.491696473652762,7.093333333333337,5.020000000000003,-3.25
aa4,VGG2k / AA4,r21vgg2k_vgg16_bn_aa_s42,face_transfer,124,two_cross,RFW WM64,Objects,0.37,0.4,50,within_sampled_range,93.16666666666667,86.08333333333333,87.58333333333333,87.41666666666667,5.033898693301426,6.047455003399412,6.382662350838188,7.017248751850792,4.010000000000002,2.770000000000003,1.3333333333333428
aa4,VGG2k / AA4,r21vgg2k_vgg16_bn_aa_s42,face_transfer,124,two_shared_ui,RFW WM64,Objects,0.37,0.4,50,within_sampled_range,93.16666666666667,86.08333333333333,88.83333333333333,87.41666666666667,5.033898693301426,6.047455003399412,5.0815347548602485,7.017248751850792,4.322500000000002,3.395000000000003,1.3333333333333428
aa4,VGG2k / AA4,r21vgg2k_vgg16_bn_aa_s42,face_transfer,124,single_uu,RFW WM64,Houses,0.37,,50,within_sampled_range,64.66666666666667,69.16666666666667,62.25,61.75,9.07577073930758,8.161493571906007,8.964609808850764,8.816358352697252,23.10416666666666,24.894999999999996,-7.416666666666671
aa4,VGG2k / AA4,r21vgg2k_vgg16_bn_aa_s42,face_transfer,124,two_cross,RFW WM64,Houses,0.37,0.4,50,within_sampled_range,64.66666666666667,61.25,59.166666666666664,55.08333333333333,9.07577073930758,10.386862122985205,10.614615773885124,10.920307592455085,27.52083333333333,29.77,-6.166666666666671
aa4,VGG2k / AA4,r21vgg2k_vgg16_bn_aa_s42,face_transfer,124,two_shared_ui,RFW WM64,Houses,0.37,0.4,50,within_sampled_range,64.66666666666667,61.25,62.25,55.08333333333333,9.07577073930758,10.386862122985205,8.964609808850764,10.920307592455085,26.749999999999996,28.22833333333333,-6.166666666666671
aa4,VGG2k / AA4,r21vgg2k_vgg16_bn_aa_s42,face_transfer,124,single_uu,CFD WM64,Faces,0.35,,50,within_sampled_range,96.83333333333334,92.83333333333333,91.58333333333333,92.0,3.626558621839956,4.212334764989081,4.798224586623002,5.313312762957478,8.092500000000001,10.436666666666667,-0.8333333333333286
aa4,VGG2k / AA4,r21vgg2k_vgg16_bn_aa_s42,face_transfer,124,two_cross,CFD WM64,Faces,0.35,0.38,50,within_sampled_range,96.83333333333334,83.25,88.83333333333333,85.75,3.626558621839956,7.117514566577448,5.918953759360027,7.147320034353394,3.446666666666669,5.936666666666667,2.5
aa4,VGG2k / AA4,r21vgg2k_vgg16_bn_aa_s42,face_transfer,124,two_shared_ui,CFD WM64,Faces,0.35,0.38,50,within_sampled_range,96.83333333333334,83.25,91.58333333333333,85.75,3.626558621839956,7.117514566577448,4.798224586623002,7.147320034353394,4.134166666666669,7.311666666666667,2.5
aa4,VGG2k / AA4,r21vgg2k_vgg16_bn_aa_s42,face_transfer,124,single_uu,CFD WM64,Objects,0.35,,50,within_sampled_range,95.58333333333333,96.08333333333333,91.58333333333333,93.25,3.8030078202293565,3.5124091647456996,5.551373142220971,4.365169551737884,9.572499999999998,7.686666666666667,-2.8333333333333286
aa4,VGG2k / AA4,r21vgg2k_vgg16_bn_aa_s42,face_transfer,124,two_cross,CFD WM64,Objects,0.35,0.38,50,within_sampled_range,95.58333333333333,92.41666666666667,90.5,90.33333333333333,3.8030078202293565,4.663416020428788,5.053567923045506,5.483948955371916,7.655833333333334,5.686666666666667,-2.083333333333343
aa4,VGG2k / AA4,r21vgg2k_vgg16_bn_aa_s42,face_transfer,124,two_shared_ui,CFD WM64,Objects,0.35,0.38,50,within_sampled_range,95.58333333333333,92.41666666666667,91.58333333333333,90.33333333333333,3.8030078202293565,4.663416020428788,5.551373142220971,5.483948955371916,7.926666666666666,6.228333333333332,-2.083333333333343
aa4,VGG2k / AA4,r21vgg2k_vgg16_bn_aa_s42,face_transfer,124,single_uu,CFD WM64,Houses,0.35,,50,within_sampled_range,70.5,73.41666666666666,68.16666666666667,64.58333333333333,7.889543583705187,7.891788694471358,9.09604833090146,9.192526911595536,18.395833333333332,20.519999999999996,-8.833333333333329
aa4,VGG2k / AA4,r21vgg2k_vgg16_bn_aa_s42,face_transfer,124,two_cross,CFD WM64,Houses,0.35,0.38,50,within_sampled_range,70.5,64.66666666666667,65.66666666666667,59.0,7.889543583705187,8.918248000156211,9.507426384810195,8.599491099218191,22.60416666666666,24.56166666666666,-5.666666666666671
aa4,VGG2k / AA4,r21vgg2k_vgg16_bn_aa_s42,face_transfer,124,two_shared_ui,CFD WM64,Houses,0.35,0.38,50,within_sampled_range,70.5,64.66666666666667,68.16666666666667,59.0,7.889543583705187,8.918248000156211,9.09604833090146,8.599491099218191,21.97916666666666,23.31166666666666,-5.666666666666671
aa4,VGG2k / AA4,r21vgg2k_vgg16_bn_aa_s42,category_calibration,124,single_uu,Objects,Objects,0.4,,50,within_sampled_range,85.75,86.08333333333333,83.25,85.5,7.196721507291689,6.047455003399412,7.457836889189763,8.128433340529318,2.3233333333333306,3.104999999999997,-0.5833333333333286
aa4,VGG2k / AA4,r21vgg2k_vgg16_bn_aa_s42,category_calibration,124,single_uu,Houses,Houses,0.16,,50,within_sampled_range,90.58333333333333,92.66666666666667,86.41666666666667,80.58333333333333,5.571759249445981,5.805326352493624,6.117356631274249,6.333624232488643,3.458333333333332,3.394999999999996,-12.083333333333343
aa4,VGG2k / AA4,r21vgg2k_vgg16_bn_aa_s42,snapshot,105,two_cross,RFW WM64,Faces,0.37,0.4,50,within_sampled_range,96.0,79.0,86.58333333333333,81.08333333333333,3.6654295996049187,8.159756899139902,7.157227607773731,6.585926898058918,2.0316666666666663,2.4783333333333317,2.0833333333333286
aa4,VGG2k / AA4,r21vgg2k_vgg16_bn_aa_s42,snapshot,105,two_cross,CFD WM64,Faces,0.34,0.38,50,within_sampled_range,96.66666666666667,80.66666666666667,87.91666666666667,86.08333333333333,4.0371011804317085,7.423074889580905,5.27382296031826,6.9216746888933045,3.219999999999999,5.645000000000003,5.416666666666657
bin5,VGG2k / bin5,r21vgg2k_vgg16_bn_aa5_s42,face_transfer,124,single_uu,RFW WM64,Faces,0.37,,50,within_sampled_range,96.75,91.33333333333333,91.0,88.16666666666667,3.397553141150081,5.246205842031121,6.80552663236022,6.319623542850951,6.592500000000001,8.228333333333339,-3.166666666666657
bin5,VGG2k / bin5,r21vgg2k_vgg16_bn_aa5_s42,face_transfer,124,two_cross,RFW WM64,Faces,0.37,0.39,50,within_sampled_range,96.75,82.75,87.5,83.16666666666667,3.397553141150081,7.434997983277324,7.142857142857143,7.620907511085344,2.321666666666669,3.978333333333339,0.4166666666666714
bin5,VGG2k / bin5,r21vgg2k_vgg16_bn_aa5_s42,face_transfer,124,two_shared_ui,RFW WM64,Faces,0.37,0.39,50,within_sampled_range,96.75,82.75,91.0,83.16666666666667,3.397553141150081,7.434997983277324,6.80552663236022,7.620907511085344,3.196666666666669,5.728333333333339,0.4166666666666714
bin5,VGG2k / bin5,r21vgg2k_vgg16_bn_aa5_s42,face_transfer,124,single_uu,RFW WM64,Objects,0.37,,50,within_sampled_range,95.33333333333333,91.83333333333333,88.41666666666667,91.5,4.262503283325754,4.905570899532506,6.315697787952874,5.644414091014143,7.218333333333334,5.228333333333339,-0.3333333333333286
bin5,VGG2k / bin5,r21vgg2k_vgg16_bn_aa5_s42,face_transfer,124,two_cross,RFW WM64,Objects,0.37,0.39,50,within_sampled_range,95.33333333333333,86.58333333333333,88.08333333333333,89.66666666666667,4.262503283325754,5.343235917309585,5.9529761607172595,5.205526454541774,5.364166666666666,4.145000000000003,3.083333333333343
bin5,VGG2k / bin5,r21vgg2k_vgg16_bn_aa5_s42,face_transfer,124,two_shared_ui,RFW WM64,Objects,0.37,0.39,50,within_sampled_range,95.33333333333333,86.58333333333333,88.41666666666667,89.66666666666667,4.262503283325754,5.343235917309585,6.315697787952874,5.205526454541774,5.447500000000002,4.3116666666666745,3.083333333333343
bin5,VGG2k / bin5,r21vgg2k_vgg16_bn_aa5_s42,face_transfer,124,single_uu,RFW WM64,Houses,0.37,,50,within_sampled_range,68.58333333333333,72.0,69.91666666666667,68.25,8.716123277504865,8.163229875206556,8.555292350988617,9.369660232890977,17.874999999999996,17.81166666666666,-3.75
bin5,VGG2k / bin5,r21vgg2k_vgg16_bn_aa5_s42,face_transfer,124,two_cross,RFW WM64,Houses,0.37,0.39,50,within_sampled_range,68.58333333333333,65.66666666666667,67.25,66.41666666666667,8.716123277504865,9.801024982263225,8.33375849255574,8.13584005644385,20.58333333333333,20.06166666666666,0.75
bin5,VGG2k / bin5,r21vgg2k_vgg16_bn_aa5_s42,face_transfer,124,two_shared_ui,RFW WM64,Houses,0.37,0.39,50,within_sampled_range,68.58333333333333,65.66666666666667,69.91666666666667,66.41666666666667,8.716123277504865,9.801024982263225,8.555292350988617,8.13584005644385,19.91666666666666,18.728333333333325,0.75
bin5,VGG2k / bin5,r21vgg2k_vgg16_bn_aa5_s42,face_transfer,124,single_uu,CFD WM64,Faces,0.36,,50,within_sampled_range,96.58333333333334,90.75,90.33333333333333,88.5,3.5405410376102506,4.9293477649436666,5.918953759360027,7.071067811865478,6.321666666666669,8.061666666666667,-2.25
bin5,VGG2k / bin5,r21vgg2k_vgg16_bn_aa5_s42,face_transfer,124,two_cross,CFD WM64,Faces,0.36,0.38,50,within_sampled_range,96.58333333333334,82.33333333333333,87.41666666666667,85.16666666666667,3.5405410376102506,7.170581117321712,6.098794535363566,6.898601521166867,2.6550000000000047,4.9366666666666745,2.833333333333343
bin5,VGG2k / bin5,r21vgg2k_vgg16_bn_aa5_s42,face_transfer,124,two_shared_ui,CFD WM64,Faces,0.36,0.38,50,within_sampled_range,96.58333333333334,82.33333333333333,90.33333333333333,85.16666666666667,3.5405410376102506,7.170581117321712,5.918953759360027,6.898601521166867,3.384166666666669,6.395000000000003,2.833333333333343
bin5,VGG2k / bin5,r21vgg2k_vgg16_bn_aa5_s42,face_transfer,124,single_uu,CFD WM64,Objects,0.36,,50,within_sampled_range,95.5,92.41666666666667,89.91666666666667,93.25,4.5206756062017925,4.663416020428785,6.133552384434955,4.524592664042833,8.218333333333337,6.853333333333339,0.8333333333333286
bin5,VGG2k / bin5,r21vgg2k_vgg16_bn_aa5_s42,face_transfer,124,two_cross,CFD WM64,Objects,0.36,0.38,50,within_sampled_range,95.5,88.83333333333333,89.0,90.83333333333333,4.5206756062017925,5.483948955371914,6.1721339984836785,5.189165408976992,6.489166666666666,5.186666666666667,2.0
bin5,VGG2k / bin5,r21vgg2k_vgg16_bn_aa5_s42,face_transfer,124,two_shared_ui,CFD WM64,Objects,0.36,0.38,50,within_sampled_range,95.5,88.83333333333333,89.91666666666667,90.83333333333333,4.5206756062017925,5.483948955371914,6.133552384434955,5.189165408976992,6.718333333333334,5.645000000000003,2.0
bin5,VGG2k / bin5,r21vgg2k_vgg16_bn_aa5_s42,face_transfer,124,single_uu,CFD WM64,Houses,0.36,,50,within_sampled_range,71.58333333333333,74.83333333333333,69.41666666666667,70.41666666666667,8.148024676107024,7.140872740223248,7.604618032452461,9.533105582170812,15.999999999999996,16.978333333333325,-4.416666666666657
bin5,VGG2k / bin5,r21vgg2k_vgg16_bn_aa5_s42,face_transfer,124,two_cross,CFD WM64,Houses,0.36,0.38,50,within_sampled_range,71.58333333333333,68.91666666666667,69.58333333333333,68.41666666666667,8.148024676107024,8.12712557230582,8.215579608239443,8.832418769238286,17.937499999999996,17.894999999999996,-0.5
bin5,VGG2k / bin5,r21vgg2k_vgg16_bn_aa5_s42,face_transfer,124,two_shared_ui,CFD WM64,Houses,0.36,0.38,50,within_sampled_range,71.58333333333333,68.91666666666667,69.41666666666667,68.41666666666667,8.148024676107024,8.12712557230582,7.604618032452461,8.832418769238286,17.97916666666666,17.978333333333325,-0.5
mixed,Mixed faces / AA4,r21dev_vgg16_bn_aa_s42,face_transfer,124,single_uu,RFW WM64,Faces,0.36,,50,within_sampled_range,95.66666666666667,90.25,87.66666666666667,87.33333333333333,3.7608497616503156,6.389320206282725,6.4637485526182035,6.2406392486100755,5.320833333333336,6.145000000000003,-2.9166666666666714
mixed,Mixed faces / AA4,r21dev_vgg16_bn_aa_s42,face_transfer,124,two_cross,RFW WM64,Faces,0.36,0.38,50,within_sampled_range,95.66666666666667,83.66666666666667,85.91666666666667,83.25,3.7608497616503156,7.978855276245734,7.087583758758338,6.966574715403985,2.216666666666672,3.228333333333339,-0.4166666666666714
mixed,Mixed faces / AA4,r21dev_vgg16_bn_aa_s42,face_transfer,124,two_shared_ui,RFW WM64,Faces,0.36,0.38,50,within_sampled_range,95.66666666666667,83.66666666666667,87.66666666666667,83.25,3.7608497616503156,7.978855276245734,6.4637485526182035,6.966574715403985,2.654166666666672,4.103333333333339,-0.4166666666666714
mixed,Mixed faces / AA4,r21dev_vgg16_bn_aa_s42,face_transfer,124,single_uu,RFW WM64,Objects,0.36,,50,within_sampled_range,96.16666666666667,95.5,93.0,94.75,4.110161071817161,3.9339789623472172,4.794531087048161,4.276610701591922,10.30166666666667,9.145000000000003,-0.75
mixed,Mixed faces / AA4,r21dev_vgg16_bn_aa_s42,face_transfer,124,two_cross,RFW WM64,Objects,0.36,0.38,50,within_sampled_range,96.16666666666667,92.75,92.0,93.0,4.110161071817161,4.27661070159192,5.761216015506125,4.867868642919259,8.92666666666667,7.770000000000003,0.25
mixed,Mixed faces / AA4,r21dev_vgg16_bn_aa_s42,face_transfer,124,two_shared_ui,RFW WM64,Objects,0.36,0.38,50,within_sampled_range,96.16666666666667,92.75,93.0,93.0,4.110161071817161,4.27661070159192,4.794531087048161,4.867868642919259,9.17666666666667,8.270000000000003,0.25
mixed,Mixed faces / AA4,r21dev_vgg16_bn_aa_s42,face_transfer,124,single_uu,RFW WM64,Houses,0.36,,50,within_sampled_range,70.83333333333333,68.16666666666667,63.416666666666664,65.0,8.908708063747481,9.173621356813562,8.800268626079347,8.987898137227083,20.70833333333333,22.686666666666664,-3.1666666666666714
mixed,Mixed faces / AA4,r21dev_vgg16_bn_aa_s42,face_transfer,124,two_cross,RFW WM64,Houses,0.36,0.38,50,within_sampled_range,70.83333333333333,63.333333333333336,61.25,63.0,8.908708063747481,9.924602381269683,8.758297005691762,9.36020185064442,22.95833333333333,24.769999999999996,-0.3333333333333357
mixed,Mixed faces / AA4,r21dev_vgg16_bn_aa_s42,face_transfer,124,two_shared_ui,RFW WM64,Houses,0.36,0.38,50,within_sampled_range,70.83333333333333,63.333333333333336,63.416666666666664,63.0,8.908708063747481,9.924602381269683,8.800268626079347,9.36020185064442,22.416666666666664,23.686666666666664,-0.3333333333333357
mixed,Mixed faces / AA4,r21dev_vgg16_bn_aa_s42,face_transfer,124,single_uu,CFD WM64,Faces,0.28,,50,within_sampled_range,96.16666666666667,89.91666666666667,88.16666666666667,86.66666666666667,3.749527559053244,7.0975747191152605,6.593991630536301,7.4345214266647615,5.07083333333334,6.0616666666666745,-3.25
mixed,Mixed faces / AA4,r21dev_vgg16_bn_aa_s42,face_transfer,124,two_cross,CFD WM64,Faces,0.28,0.33,50,within_sampled_range,96.16666666666667,82.83333333333333,87.08333333333333,83.33333333333333,3.749527559053244,7.925389036711067,7.005120414249894,8.584645893961879,2.195833333333333,3.8533333333333317,0.5
mixed,Mixed faces / AA4,r21dev_vgg16_bn_aa_s42,face_transfer,124,two_shared_ui,CFD WM64,Faces,0.28,0.33,50,within_sampled_range,96.16666666666667,82.83333333333333,88.16666666666667,83.33333333333333,3.749527559053244,7.925389036711067,6.593991630536301,8.584645893961879,2.4666666666666686,4.395000000000003,0.5
mixed,Mixed faces / AA4,r21dev_vgg16_bn_aa_s42,face_transfer,124,single_uu,CFD WM64,Objects,0.28,,50,within_sampled_range,98.33333333333334,99.0,95.75,98.0,2.3809523809523787,1.7975796274454126,3.619713284645424,2.693740118805895,13.218333333333337,12.145000000000003,-1.0
mixed,Mixed faces / AA4,r21dev_vgg16_bn_aa_s42,face_transfer,124,two_cross,CFD WM64,Objects,0.28,0.33,50,within_sampled_range,98.33333333333334,98.08333333333333,95.5,97.16666666666667,2.3809523809523787,2.6897913161178573,3.6538117269578136,3.198816391082002,12.718333333333337,11.603333333333339,-0.9166666666666572
mixed,Mixed faces / AA4,r21dev_vgg16_bn_aa_s42,face_transfer,124,two_shared_ui,CFD WM64,Objects,0.28,0.33,50,within_sampled_range,98.33333333333334,98.08333333333333,95.75,97.16666666666667,2.3809523809523787,2.6897913161178573,3.619713284645424,3.198816391082002,12.780833333333337,11.728333333333339,-0.9166666666666572
mixed,Mixed faces / AA4,r21dev_vgg16_bn_aa_s42,face_transfer,124,single_uu,CFD WM64,Houses,0.28,,50,within_sampled_range,79.91666666666667,78.41666666666667,73.16666666666667,72.66666666666667,7.226200282412739,6.611699415505647,7.442142670517994,8.549906843321656,11.520833333333325,13.978333333333325,-5.75
mixed,Mixed faces / AA4,r21dev_vgg16_bn_aa_s42,face_transfer,124,two_cross,CFD WM64,Houses,0.28,0.33,50,within_sampled_range,79.91666666666667,73.91666666666667,72.5,70.91666666666667,7.226200282412739,6.618126862987982,7.529232524210429,7.457836889189763,13.249999999999993,15.18666666666666,-3.0
mixed,Mixed faces / AA4,r21dev_vgg16_bn_aa_s42,face_transfer,124,two_shared_ui,CFD WM64,Houses,0.28,0.33,50,within_sampled_range,79.91666666666667,73.91666666666667,73.16666666666667,70.91666666666667,7.226200282412739,6.618126862987982,7.442142670517994,7.457836889189763,13.083333333333325,14.853333333333325,-3.0
mixed,Mixed faces / AA4,r21dev_vgg16_bn_aa_s42,category_calibration,124,single_uu,Objects,Objects,0.41,,50,within_sampled_range,85.08333333333333,81.25,80.66666666666667,81.91666666666667,6.843426261252273,7.204594307684645,7.1804565952382005,9.471957058683381,2.4699999999999918,3.4383333333333255,0.6666666666666714
mixed,Mixed faces / AA4,r21dev_vgg16_bn_aa_s42,category_calibration,124,single_uu,Houses,Houses,0.02,,50,target_outside_sampled_range,87.25,84.66666666666667,76.58333333333333,78.41666666666667,5.482010364977739,5.548181046538593,6.514526763849859,5.993311653877084,5.833333333333329,9.394999999999996,-6.25
mixed,Mixed faces / AA4,r21dev_vgg16_bn_aa_s42,snapshot,111,two_cross,RFW WM64,Faces,0.36,0.39,50,within_sampled_range,96.33333333333333,80.0,84.58333333333333,80.83333333333333,3.5355339059327395,9.027232671489942,7.493856138103674,7.33858809877259,1.1574999999999953,1.3533333333333317,0.8333333333333286
mixed,Mixed faces / AA4,r21dev_vgg16_bn_aa_s42,snapshot,111,two_cross,CFD WM64,Faces,0.3,0.35,50,within_sampled_range,96.16666666666667,81.16666666666667,86.58333333333333,81.58333333333333,3.749527559053245,8.997354108424375,6.3715504650593635,9.108893389183462,1.5733333333333306,2.7283333333333317,0.4166666666666572
