epoch,stage,active_classes,category,upright_pct,inverted_pct,gap_pts
1,1,12,Faces,45.83,55.41,-9.57
1,1,12,Objects,67.13,64.31,2.81
1,1,12,Houses,0.0,0.0,0.0
2,1,12,Faces,15.28,14.86,0.41
2,1,12,Objects,75.79,73.53,2.26
2,1,12,Houses,0.0,0.0,0.0
3,1,12,Faces,62.5,67.57,-5.07
3,1,12,Objects,86.22,87.25,-1.03
3,1,12,Houses,0.0,0.0,0.0
4,1,12,Faces,75.0,79.73,-4.73
4,1,12,Objects,83.86,84.71,-0.85
4,1,12,Houses,0.0,0.0,0.0
5,1,12,Faces,72.22,58.11,14.11
5,1,12,Objects,84.06,84.31,-0.26
5,1,12,Houses,0.0,0.0,0.0
6,1,12,Faces,72.22,77.03,-4.8
6,1,12,Objects,90.35,90.0,0.35
6,1,12,Houses,0.0,0.0,0.0
7,2,24,Faces,61.74,67.91,-6.17
7,2,24,Objects,73.85,75.07,-1.23
7,2,24,Houses,0.0,0.0,0.0
8,2,24,Faces,61.74,52.24,9.51
8,2,24,Objects,71.34,73.18,-1.84
8,2,24,Houses,0.0,0.0,0.0
9,2,24,Faces,57.05,55.97,1.08
9,2,24,Objects,65.73,66.0,-0.27
9,2,24,Houses,0.0,0.0,0.0
10,2,24,Faces,79.19,72.39,6.81
10,2,24,Objects,81.16,81.66,-0.49
10,2,24,Houses,0.0,0.0,0.0
11,2,24,Faces,54.36,43.28,11.08
11,2,24,Objects,73.55,71.68,1.86
11,2,24,Houses,0.0,0.0,0.0
12,2,24,Faces,78.52,75.37,3.15
12,2,24,Objects,85.77,82.25,3.52
12,2,24,Houses,12.5,0.0,12.5
13,3,48,Faces,61.13,37.07,24.05
13,3,48,Objects,67.17,63.73,3.44
13,3,48,Houses,0.0,0.0,0.0
14,3,48,Faces,70.43,61.22,9.21
14,3,48,Objects,72.23,69.02,3.21
14,3,48,Houses,6.25,6.25,0.0
15,3,48,Faces,61.46,52.38,9.08
15,3,48,Objects,76.5,72.39,4.1
15,3,48,Houses,31.25,18.75,12.5
16,3,48,Faces,84.72,67.01,17.71
16,3,48,Objects,78.02,74.84,3.18
16,3,48,Houses,37.5,37.5,0.0
17,3,48,Faces,74.42,64.97,9.45
17,3,48,Objects,76.05,72.69,3.37
17,3,48,Houses,81.25,50.0,31.25
18,3,48,Faces,79.73,60.88,18.85
18,3,48,Objects,76.64,71.17,5.47
18,3,48,Houses,75.0,56.25,18.75
19,4,96,Faces,63.57,51.19,12.38
19,4,96,Objects,69.86,63.21,6.65
19,4,96,Houses,25.0,12.5,12.5
20,4,96,Faces,57.68,43.12,14.56
20,4,96,Objects,69.05,63.97,5.09
20,4,96,Houses,31.25,31.25,0.0
21,4,96,Faces,66.07,48.99,17.08
21,4,96,Objects,73.1,69.32,3.78
21,4,96,Houses,53.12,28.12,25.0
22,4,96,Faces,74.46,58.17,16.3
22,4,96,Objects,75.02,70.41,4.61
22,4,96,Houses,81.25,59.38,21.88
23,4,96,Faces,85.89,64.59,21.31
23,4,96,Objects,79.46,75.45,4.01
23,4,96,Houses,84.38,62.5,21.88
24,4,96,Faces,75.71,54.31,21.4
24,4,96,Objects,75.68,71.75,3.93
24,4,96,Houses,81.25,65.62,15.62
25,5,192,Faces,75.42,53.58,21.84
25,5,192,Objects,66.35,61.51,4.84
25,5,192,Houses,51.56,39.06,12.5
26,5,192,Faces,74.67,53.87,20.81
26,5,192,Objects,70.11,64.05,6.06
26,5,192,Houses,75.0,54.69,20.31
27,5,192,Faces,65.83,38.87,26.96
27,5,192,Objects,67.95,61.67,6.28
27,5,192,Houses,67.19,48.44,18.75
28,5,192,Faces,82.03,63.04,18.99
28,5,192,Objects,68.41,61.75,6.65
28,5,192,Houses,73.44,48.44,25.0
29,5,192,Faces,83.15,60.55,22.59
29,5,192,Objects,73.42,67.89,5.53
29,5,192,Houses,76.56,64.06,12.5
30,5,192,Faces,84.26,63.8,20.46
30,5,192,Objects,72.6,66.94,5.66
30,5,192,Houses,78.12,53.12,25.0
31,5,192,Faces,64.06,38.01,26.05
31,5,192,Objects,56.73,50.49,6.24
31,5,192,Houses,26.56,14.06,12.5
32,5,192,Faces,83.52,61.6,21.91
32,5,192,Objects,72.45,66.88,5.58
32,5,192,Houses,81.25,56.25,25.0
33,6,320,Faces,77.06,55.3,21.77
33,6,320,Objects,70.44,64.55,5.89
33,6,320,Houses,51.56,25.0,26.56
34,6,320,Faces,78.72,45.94,32.78
34,6,320,Objects,71.15,65.88,5.27
34,6,320,Houses,76.56,51.56,25.0
35,6,320,Faces,81.99,56.2,25.79
35,6,320,Objects,71.37,65.42,5.95
35,6,320,Houses,79.69,52.34,27.34
36,6,320,Faces,83.18,51.15,32.03
36,6,320,Objects,71.58,66.05,5.53
36,6,320,Houses,87.5,64.84,22.66
37,6,320,Faces,87.16,59.3,27.85
37,6,320,Objects,72.27,66.21,6.06
37,6,320,Houses,86.72,60.94,25.78
38,6,320,Faces,87.49,59.69,27.8
38,6,320,Objects,73.99,68.9,5.09
38,6,320,Houses,89.06,67.19,21.88
39,6,320,Faces,84.12,51.34,32.79
39,6,320,Objects,71.3,66.16,5.14
39,6,320,Houses,85.94,64.84,21.09
40,6,320,Faces,86.92,65.17,21.75
40,6,320,Objects,72.56,67.11,5.45
40,6,320,Houses,88.28,55.47,32.81
41,6,320,Faces,86.82,63.36,23.47
41,6,320,Objects,72.75,66.95,5.8
41,6,320,Houses,90.62,67.19,23.44
42,6,320,Faces,90.09,66.89,23.21
42,6,320,Objects,74.24,68.53,5.71
42,6,320,Houses,92.97,73.44,19.53
43,7,393,Faces,83.84,58.06,25.78
43,7,393,Objects,70.89,65.94,4.95
43,7,393,Houses,69.65,46.77,22.89
44,7,393,Faces,89.15,66.22,22.93
44,7,393,Objects,73.5,67.36,6.14
44,7,393,Houses,74.63,45.27,29.35
45,7,393,Faces,89.91,65.7,24.21
45,7,393,Objects,73.2,68.07,5.13
45,7,393,Houses,91.04,59.7,31.34
46,7,393,Faces,88.91,65.89,23.02
46,7,393,Objects,73.09,68.01,5.08
46,7,393,Houses,92.04,64.68,27.36
47,7,393,Faces,89.24,65.17,24.07
47,7,393,Objects,74.17,68.98,5.19
47,7,393,Houses,91.04,63.68,27.36
48,7,393,Faces,89.76,67.99,21.78
48,7,393,Objects,73.9,68.3,5.6
48,7,393,Houses,94.03,64.18,29.85
49,7,393,Faces,90.76,68.08,22.68
49,7,393,Objects,74.83,69.52,5.31
49,7,393,Houses,94.53,68.66,25.87
50,7,393,Faces,90.09,69.75,20.34
50,7,393,Objects,74.38,69.43,4.95
50,7,393,Houses,94.03,66.67,27.36
51,7,393,Faces,91.23,67.46,23.77
51,7,393,Objects,75.62,70.27,5.35
51,7,393,Houses,94.03,67.16,26.87
52,7,393,Faces,91.18,69.42,21.77
52,7,393,Objects,74.83,69.63,5.2
52,7,393,Houses,96.02,70.65,25.37
53,7,393,Faces,91.37,70.04,21.34
53,7,393,Objects,75.24,70.11,5.13
53,7,393,Houses,95.02,68.66,26.37
54,7,393,Faces,91.04,66.46,24.58
54,7,393,Objects,75.32,70.27,5.04
54,7,393,Houses,95.02,72.64,22.39
55,7,393,Faces,91.9,71.37,20.52
55,7,393,Objects,75.21,70.21,5.0
55,7,393,Houses,96.02,71.14,24.88
56,7,393,Faces,91.9,71.04,20.86
56,7,393,Objects,75.46,70.86,4.61
56,7,393,Houses,95.52,70.65,24.88
57,7,393,Faces,91.94,71.33,20.62
57,7,393,Objects,75.3,70.36,4.95
57,7,393,Houses,96.02,70.65,25.37
58,7,393,Faces,92.13,71.61,20.52
58,7,393,Objects,75.68,70.73,4.95
58,7,393,Houses,96.02,71.14,24.88
59,7,393,Faces,92.04,71.61,20.43
59,7,393,Objects,75.58,70.65,4.94
59,7,393,Houses,96.02,70.15,25.87
60,7,393,Faces,92.13,71.85,20.28
60,7,393,Objects,75.8,70.66,5.14
60,7,393,Houses,96.02,71.14,24.88
